Time,Day_of_week,Area_accident_occured,Lanes_or_Medians,Road_allignment,Types_of_Junction,Road_surface_type,Road_surface_conditions,Light_conditions,Weather_conditions,Type_of_collision,Vehicle_movement,Cause_of_accident,Accident_severity
2024-03-10 20:22:00,Friday,Office areas,Double carriageway (median),Tangent road with flat terrain,Unknown,Asphalt roads,Wet or damp,Darkness - lights lit,Normal,Collision with pedestrians,Going straight,No priority to pedestrian,Slight Injury
2024-03-10 20:22:00,Friday,Other,Undivided Two way,Tangent road with flat terrain,Unknown,Asphalt roads,Wet or damp,Darkness - lights lit,Normal,Vehicle with vehicle collision,Going straight,Changing lane to the left,Slight Injury
2024-03-10 15:10:00,Tuesday,Industrial areas,One way,Tangent road with flat terrain,No junction,Asphalt roads,Wet or damp,Daylight,Raining,Vehicle with vehicle collision,Parked,No distancing,Serious Injury
2024-03-10 15:10:00,Tuesday,Other,One way,Tangent road with flat terrain,No junction,Gravel roads,Wet or damp,Daylight,Raining,Vehicle with vehicle collision,Going straight,Moving Backward,Serious Injury
2024-03-10 16:35:00,Wednesday,Office areas,Double carriageway (median),Tangent road with flat terrain,No junction,Asphalt roads,Wet or damp,Darkness - lights lit,Normal,Vehicle with vehicle collision,Going straight,Changing lane to the left,Slight Injury
2024-03-10 16:35:00,Wednesday,Office areas,Two-way (divided with broken lines road marking),Tangent road with flat terrain,No junction,Asphalt roads,Wet or damp,Darkness - lights lit,Normal,Collision with pedestrians,Unknown,Other,Slight Injury
2024-03-10 16:35:00,Wednesday,Other,Double carriageway (median),Tangent road with flat terrain,No junction,Asphalt roads,Wet or damp,Darkness - lights lit,Normal,Vehicle with vehicle collision,Going straight,Moving Backward,Slight Injury
2024-03-10 15:36:00,Tuesday,Office areas,Double carriageway (median),Tangent road with flat terrain,No junction,Asphalt roads,Wet or damp,Daylight,Other,Vehicle with vehicle collision,Stopping,No distancing,Slight Injury
2024-03-10 15:19:00,Wednesday,Office areas,Two-way (divided with broken lines road marking),Tangent road with flat terrain,Y Shape,Asphalt roads,Wet or damp,Darkness - lights lit,Normal,Vehicle with vehicle collision,Going straight,Changing lane to the left,Slight Injury
2024-03-10 22:40:00,Thursday,Office areas,Undivided Two way,Tangent road with flat terrain,No junction,Asphalt roads,Wet or damp,Darkness - lights lit,Normal,Collision with roadside objects,Overtaking,Changing lane to the left,Slight Injury
2024-03-10 22:40:00,Thursday,Other,Undivided Two way,Tangent road with flat terrain,No junction,Asphalt roads,Wet or damp,Darkness - lights lit,Normal,Vehicle with vehicle collision,Going straight,No priority to pedestrian,Slight Injury
2024-03-10 18:50:00,Thursday,Other,Undivided Two way,Tangent road with flat terrain,Y Shape,Asphalt roads,Wet or damp,Darkness - lights lit,Normal,Vehicle with vehicle collision,Reversing,Changing lane to the left,Slight Injury
2024-03-10 18:50:00,Thursday,Recreational areas,Undivided Two way,Tangent road with flat terrain,Y Shape,Asphalt roads,Wet or damp,Darkness - lights lit,Normal,Vehicle with vehicle collision,Going straight,Driving carelessly,Slight Injury
2024-03-10 18:50:00,Thursday,Church areas,Undivided Two way,Tangent road with flat terrain,Y Shape,Asphalt roads,Wet or damp,Darkness - lights lit,Normal,Vehicle with vehicle collision,Going straight,Driving carelessly,Slight Injury
2024-03-10 18:50:00,Thursday,Recreational areas,other,Tangent road with flat terrain,Y Shape,Asphalt roads,Wet or damp,Darkness - lights lit,Normal,Collision with roadside objects,Unknown,No priority to pedestrian,Slight Injury
2024-03-10 18:50:00,Thursday,School areas,other,Tangent road with flat terrain,Y Shape,Asphalt roads,Wet or damp,Darkness - lights lit,Normal,Vehicle with vehicle collision,Going straight,Getting off the vehicle improperly,Slight Injury
2024-03-10 18:50:00,Thursday,Church areas,Double carriageway (median),Tangent road with flat terrain,Y Shape,Asphalt roads,Wet or damp,Darkness - lights lit,Normal,Vehicle with vehicle collision,Moving Backward,No distancing,Slight Injury
2024-03-10 17:05:00,Tuesday,Office areas,One way,Tangent road with flat terrain,Y Shape,Asphalt roads,Dry,Darkness - lights lit,Normal,Vehicle with vehicle collision,Going straight,Changing lane to the left,Slight Injury
2024-03-10 17:05:00,Tuesday,Residential areas,One way,Steep grade downward with mountainous terrain,Y Shape,Asphalt roads,Dry,Darkness - lights lit,Normal,Vehicle with vehicle collision,Moving Backward,No priority to vehicle,Slight Injury
2024-03-10 17:05:00,Tuesday,Other,One way,Tangent road with flat terrain,Y Shape,Asphalt roads,Dry,Darkness - lights lit,Normal,Vehicle with vehicle collision,Going straight,No distancing,Slight Injury
2024-03-10 11:00:00,Monday,Other,Undivided Two way,Tangent road with flat terrain,Y Shape,Asphalt roads,Wet or damp,Daylight,Normal,Vehicle with vehicle collision,Going straight,No priority to pedestrian,Slight Injury
2024-03-10 17:50:00,Tuesday,Industrial areas,One way,Tangent road with flat terrain,No junction,Asphalt roads,Wet or damp,Darkness - lights lit,Normal,Vehicle with vehicle collision,Unknown,No priority to pedestrian,Serious Injury
2024-03-10 23:00:00,Tuesday,Church areas,other,Steep grade downward with mountainous terrain,Y Shape,Asphalt roads,Wet or damp,Darkness - lights lit,Raining,Vehicle with vehicle collision,Going straight,No priority to vehicle,Slight Injury
2024-03-10 18:20:00,Tuesday,Office areas,other,Tangent road with flat terrain,No junction,Earth roads,Wet or damp,Darkness - lights lit,Windy,Vehicle with vehicle collision,Going straight,Driving carelessly,Slight Injury
2024-03-10 18:20:00,Tuesday,Office areas,Undivided Two way,Tangent road with flat terrain,No junction,Asphalt roads,Wet or damp,Darkness - lights lit,Windy,Vehicle with vehicle collision,Going straight,Changing lane to the right,Slight Injury
2024-03-10 18:20:00,Tuesday,Office areas,Double carriageway (median),Tangent road with flat terrain,No junction,Asphalt roads,Wet or damp,Darkness - lights lit,Windy,Vehicle with vehicle collision,Turnover,Changing lane to the left,Slight Injury
2024-03-10 19:05:00,Saturday,Other,Two-way (divided with broken lines road marking),Tangent road with flat terrain,No junction,Asphalt roads,Dry,Darkness - no lighting,Unknown,Collision with roadside objects,Going straight,Moving Backward,Slight Injury
2024-03-10 19:05:00,Saturday,Office areas,Undivided Two way,Tangent road with flat terrain,No junction,Asphalt roads,Dry,Darkness - no lighting,Unknown,Collision with roadside objects,Going straight,Driving carelessly,Slight Injury
2024-03-10 11:05:00,Sunday,Other,Double carriageway (median),Tangent road with flat terrain,Y Shape,Asphalt roads,Dry,Daylight,Normal,Collision with roadside objects,Going straight,Driving to the left,Slight Injury
2024-03-10 11:05:00,Sunday,Industrial areas,Two-way (divided with broken lines road marking),Tangent road with flat terrain,Y Shape,Asphalt roads,Dry,Daylight,Normal,Collision with pedestrians,Reversing,Driving to the left,Slight Injury
2024-03-10 18:15:00,Sunday,Residential areas,other,Tangent road with flat terrain,Y Shape,Asphalt roads,Wet or damp,Darkness - lights lit,Normal,Vehicle with vehicle collision,Getting off,No priority to pedestrian,Serious Injury
2024-03-10 08:05:00,Friday,Other,Two-way (divided with broken lines road marking),Tangent road with flat terrain,O Shape,Gravel roads,Dry,Darkness - lights lit,Cloudy,Vehicle with vehicle collision,Going straight,Changing lane to the left,Slight Injury
2024-03-10 08:05:00,Friday,Other,One way,Tangent road with flat terrain,O Shape,Asphalt roads,Dry,Darkness - lights lit,Cloudy,Collision with pedestrians,Getting off,Changing lane to the right,Slight Injury
2024-03-10 19:47:00,Thursday,Other,One way,Tangent road with flat terrain,No junction,Asphalt roads,Dry,Darkness - lights lit,Normal,Vehicle with vehicle collision,Going straight,Driving carelessly,Slight Injury
2024-03-10 19:47:00,Thursday,Other,Undivided Two way,Tangent road with flat terrain,No junction,Asphalt roads,Dry,Darkness - lights lit,Normal,Vehicle with vehicle collision,Going straight,No distancing,Slight Injury
2024-03-10 18:30:00,Tuesday,Other,Two-way (divided with broken lines road marking),Tangent road with flat terrain,Y Shape,Other,Dry,Darkness - lights lit,Cloudy,Vehicle with vehicle collision,Going straight,Getting off the vehicle improperly,Slight Injury
2024-03-10 18:09:00,Monday,Residential areas,other,Steep grade downward with mountainous terrain,Y Shape,Asphalt roads,Wet or damp,Darkness - lights lit,Cloudy,Vehicle with vehicle collision,Going straight,Driving under the influence of drugs,Slight Injury
2024-03-10 18:09:00,Monday,Office areas,Two-way (divided with broken lines road marking),Tangent road with flat terrain,Y Shape,Asphalt roads,Wet or damp,Darkness - lights lit,Cloudy,Vehicle with vehicle collision,Going straight,Changing lane to the right,Slight Injury
2024-03-10 17:36:00,Sunday,Office areas,Two-way (divided with broken lines road marking),Tangent road with flat terrain,Crossing,Asphalt roads,Wet or damp,Darkness - lights lit,Normal,Vehicle with vehicle collision,Going straight,Driving carelessly,Slight Injury
2024-03-10 19:35:00,Friday,Other,Two-way (divided with broken lines road marking),Tangent road with flat terrain,Crossing,Asphalt roads,Wet or damp,Darkness - lights lit,Normal,Collision with roadside objects,Going straight,Moving Backward,Slight Injury
2024-03-10 19:35:00,Friday,Other,One way,Tangent road with flat terrain,Crossing,Asphalt roads,Wet or damp,Darkness - lights lit,Normal,Collision with pedestrians,Going straight,Turnover,Slight Injury
2024-03-10 10:42:00,Monday,Office areas,Two-way (divided with broken lines road marking),Tangent road with flat terrain,Y Shape,Asphalt roads,Dry,Daylight,Normal,Vehicle with vehicle collision,Going straight,Changing lane to the right,Serious Injury
2024-03-10 10:42:00,Monday,Office areas,Undivided Two way,Tangent road with flat terrain,Y Shape,Asphalt roads,Dry,Daylight,Normal,Vehicle with vehicle collision,Moving Backward,Driving carelessly,Serious Injury
2024-03-10 08:05:00,Tuesday,Other,Two-way (divided with broken lines road marking),Tangent road with flat terrain,No junction,Asphalt roads,Dry,Daylight,Normal,Collision with roadside objects,Going straight,No priority to vehicle,Slight Injury
2024-03-10 15:35:00,Thursday,Other,Two-way (divided with broken lines road marking),Tangent road with flat terrain,Y Shape,Asphalt roads,Wet or damp,Daylight,Normal,Vehicle with vehicle collision,Going straight,Moving Backward,Serious Injury
2024-03-10 15:35:00,Thursday,Residential areas,Two-way (divided with broken lines road marking),Tangent road with flat terrain,Y Shape,Asphalt roads,Wet or damp,Daylight,Normal,Vehicle with vehicle collision,Going straight,Changing lane to the left,Serious Injury
2024-03-10 09:10:00,Saturday,Other,Undivided Two way,Tangent road with flat terrain,Crossing,Asphalt roads,Wet or damp,Daylight,Normal,Vehicle with vehicle collision,Going straight,Overturning,Slight Injury
2024-03-10 09:10:00,Saturday,Office areas,Undivided Two way,Tangent road with flat terrain,Crossing,Asphalt roads,Wet or damp,Daylight,Normal,Vehicle with vehicle collision,Going straight,No distancing,Slight Injury
2024-03-10 17:10:00,Wednesday,Office areas,Undivided Two way,Tangent road with flat terrain,Y Shape,Asphalt roads,Wet or damp,Darkness - no lighting,Raining,Vehicle with vehicle collision,Going straight,Driving carelessly,Slight Injury
2024-03-10 17:10:00,Wednesday,Other,Undivided Two way,Tangent road with flat terrain,Y Shape,Asphalt roads,Wet or damp,Darkness - no lighting,Raining,Vehicle with vehicle collision,Going straight,No distancing,Slight Injury
2024-03-10 16:35:00,Monday,Other,Two-way (divided with broken lines road marking),Tangent road with flat terrain,Y Shape,Gravel roads,Dry,Daylight,Normal,Vehicle with vehicle collision,Going straight,Changing lane to the left,Slight Injury
2024-03-10 16:35:00,Monday,Other,Undivided Two way,Tangent road with flat terrain,Y Shape,Asphalt roads,Dry,Daylight,Normal,Vehicle with vehicle collision,Going straight,No priority to pedestrian,Slight Injury
2024-03-10 19:08:00,Wednesday,Office areas,Two-way (divided with broken lines road marking),Tangent road with flat terrain,Y Shape,Asphalt roads,Wet or damp,Darkness - lights lit,Raining,Collision with roadside objects,Going straight,No distancing,Slight Injury
2024-03-10 19:08:00,Wednesday,Office areas,Two-way (divided with broken lines road marking),Tangent road with flat terrain,Y Shape,Asphalt roads,Wet or damp,Darkness - lights lit,Raining,Collision with roadside objects,Going straight,No distancing,Slight Injury
2024-03-10 19:08:00,Wednesday,Other,Two-way (divided with broken lines road marking),Steep grade downward with mountainous terrain,Y Shape,Other,Wet or damp,Darkness - lights lit,Raining,Collision with roadside objects,Going straight,Changing lane to the left,Slight Injury
2024-03-10 19:08:00,Wednesday,Church areas,other,Tangent road with flat terrain,Y Shape,Asphalt roads,Wet or damp,Darkness - lights lit,Raining,Vehicle with vehicle collision,Going straight,No distancing,Slight Injury
2024-03-10 19:08:00,Wednesday,Industrial areas,Undivided Two way,Tangent road with flat terrain,Y Shape,Other,Wet or damp,Darkness - lights lit,Raining,Collision with pedestrians,Going straight,Changing lane to the left,Slight Injury
2024-03-10 19:08:00,Wednesday,Other,Undivided Two way,Tangent road with flat terrain,Y Shape,Asphalt roads,Wet or damp,Darkness - lights lit,Raining,Vehicle with vehicle collision,Going straight,No distancing,Slight Injury
2024-03-10 19:08:00,Wednesday,Other,Two-way (divided with broken lines road marking),Tangent road with flat terrain,Y Shape,Asphalt roads,Wet or damp,Darkness - lights lit,Raining,Collision with pedestrians,Going straight,No distancing,Slight Injury
2024-03-10 08:50:00,Friday,Office areas,Undivided Two way,Tangent road with mountainous terrain and,No junction,Asphalt roads,Wet or damp,Daylight,Normal,Vehicle with vehicle collision,Going straight,No distancing,Slight Injury
2024-03-10 08:50:00,Friday,Other,One way,Tangent road with flat terrain,No junction,Asphalt roads,Wet or damp,Daylight,Normal,Collision with pedestrians,Reversing,Changing lane to the left,Slight Injury
2024-03-10 14:10:00,Wednesday,Recreational areas,Undivided Two way,Steep grade downward with mountainous terrain,Crossing,Asphalt roads,Wet or damp,Daylight,Other,Vehicle with vehicle collision,Going straight,Changing lane to the right,Slight Injury
2024-03-10 14:10:00,Wednesday,Other,Two-way (divided with broken lines road marking),Steep grade downward with mountainous terrain,Crossing,Asphalt roads,Wet or damp,Daylight,Other,Vehicle with vehicle collision,Going straight,Moving Backward,Slight Injury
2024-03-10 16:52:00,Monday,Church areas,Two-way (divided with broken lines road marking),Tangent road with flat terrain,Y Shape,Asphalt roads,Wet or damp,Darkness - lights lit,Other,Vehicle with vehicle collision,Going straight,Changing lane to the right,Slight Injury
2024-03-10 16:52:00,Monday,Residential areas,Undivided Two way,Tangent road with flat terrain,Y Shape,Asphalt roads,Wet or damp,Darkness - lights lit,Other,Vehicle with vehicle collision,Unknown,No distancing,Slight Injury
2024-03-10 10:43:00,Saturday,Office areas,Two-way (divided with broken lines road marking),Tangent road with flat terrain,O Shape,Asphalt roads,Wet or damp,Daylight,Normal,Vehicle with vehicle collision,Going straight,Overtaking,Slight Injury
2024-03-10 10:43:00,Saturday,Other,Two-way (divided with broken lines road marking),Tangent road with flat terrain,O Shape,Asphalt roads,Wet or damp,Daylight,Normal,Vehicle with vehicle collision,Going straight,Other,Slight Injury
2024-03-10 15:55:00,Friday,Office areas,Undivided Two way,Tangent road with flat terrain,Y Shape,Asphalt roads,Wet or damp,Daylight,Normal,Vehicle with vehicle collision,Going straight,Other,Slight Injury
2024-03-10 22:10:00,Tuesday,Office areas,other,Tangent road with flat terrain,No junction,Asphalt roads,Dry,Darkness - lights lit,Normal,Vehicle with vehicle collision,Going straight,Changing lane to the right,Slight Injury
2024-03-10 22:10:00,Tuesday,Other,One way,Escarpments,No junction,Asphalt roads,Dry,Darkness - lights lit,Normal,Vehicle with vehicle collision,Going straight,No priority to pedestrian,Slight Injury
2024-03-10 22:10:00,Tuesday,Residential areas,Undivided Two way,Tangent road with flat terrain,No junction,Asphalt roads,Dry,Darkness - lights lit,Normal,Vehicle with vehicle collision,Going straight,No priority to vehicle,Slight Injury
2024-03-10 22:10:00,Tuesday,Recreational areas,One way,Tangent road with flat terrain,No junction,Asphalt roads,Dry,Darkness - lights lit,Normal,Vehicle with vehicle collision,Unknown,Changing lane to the left,Slight Injury
2024-03-10 17:20:00,Thursday,Church areas,Undivided Two way,Tangent road with flat terrain,No junction,Asphalt roads,Snow,Darkness - lights lit,Fog or mist,Vehicle with vehicle collision,Moving Backward,Changing lane to the left,Slight Injury
2024-03-10 17:20:00,Thursday,Other,One way,Tangent road with flat terrain,No junction,Asphalt roads,Snow,Darkness - lights lit,Fog or mist,Rollover,Going straight,Overtaking,Slight Injury
2024-03-10 10:17:00,Sunday,Other,Undivided Two way,Tangent road with flat terrain,No junction,Asphalt roads,Dry,Daylight,Normal,Collision with roadside objects,Turnover,No distancing,Slight Injury
2024-03-10 10:17:00,Sunday,Other,Two-way (divided with broken lines road marking),Tangent road with flat terrain,No junction,Asphalt roads,Dry,Daylight,Normal,Vehicle with vehicle collision,Turnover,No priority to vehicle,Slight Injury
2024-03-10 18:52:00,Tuesday,Residential areas,other,Tangent road with flat terrain,No junction,Asphalt roads,Dry,Darkness - no lighting,Normal,Vehicle with vehicle collision,Reversing,Changing lane to the right,Slight Injury
2024-03-10 09:45:00,Wednesday,School areas,other,Tangent road with flat terrain,Y Shape,Asphalt roads,Wet or damp,Daylight,Raining,Vehicle with vehicle collision,Reversing,Changing lane to the left,Slight Injury
2024-03-10 09:45:00,Wednesday,Church areas,Two-way (divided with broken lines road marking),Tangent road with flat terrain,Y Shape,Earth roads,Wet or damp,Daylight,Raining,Collision with pedestrians,Reversing,No distancing,Slight Injury
2024-03-10 20:55:00,Monday,Other,other,Tangent road with flat terrain,Crossing,Asphalt roads,Dry,Darkness - lights lit,Normal,Collision with pedestrians,Moving Backward,Driving carelessly,Slight Injury
2024-03-10 20:55:00,Monday,Other,Two-way (divided with broken lines road marking),Tangent road with flat terrain,Crossing,Asphalt roads,Dry,Darkness - lights lit,Normal,Vehicle with vehicle collision,Going straight,No priority to pedestrian,Slight Injury
2024-03-10 09:30:00,Saturday,Office areas,Undivided Two way,Tangent road with flat terrain,Other,Asphalt roads,Dry,Daylight,Normal,Vehicle with vehicle collision,Going straight,Driving carelessly,Slight Injury
2024-03-10 09:30:00,Saturday,Office areas,Two-way (divided with broken lines road marking),Tangent road with flat terrain,Other,Asphalt roads,Dry,Daylight,Normal,Collision with pedestrians,Going straight,Moving Backward,Slight Injury
2024-03-10 09:30:00,Saturday,Other,Undivided Two way,Tangent road with flat terrain,Other,Asphalt roads,Dry,Daylight,Normal,Collision with pedestrians,Going straight,No distancing,Slight Injury
2024-03-10 09:20:00,Wednesday,Hospital areas,Undivided Two way,Tangent road with flat terrain,No junction,Asphalt roads,Dry,Daylight,Normal,Collision with pedestrians,Going straight,No distancing,Slight Injury
2024-03-10 09:20:00,Wednesday,Other,Undivided Two way,Tangent road with flat terrain,No junction,Asphalt roads,Dry,Daylight,Normal,Vehicle with vehicle collision,Going straight,No distancing,Slight Injury
2024-03-10 01:50:00,Friday,Other,Two-way (divided with broken lines road marking),Tangent road with flat terrain,Crossing,Asphalt roads,Dry,Darkness - lights lit,Normal,Collision with roadside objects,Going straight,Changing lane to the left,Slight Injury
2024-03-10 01:50:00,Friday,Other,Undivided Two way,Tangent road with flat terrain,Crossing,Asphalt roads,Dry,Darkness - lights lit,Normal,Vehicle with vehicle collision,Going straight,Changing lane to the left,Slight Injury
2024-03-10 10:32:00,Wednesday,Other,Double carriageway (median),Tangent road with flat terrain,No junction,Asphalt roads,Dry,Daylight,Normal,Vehicle with vehicle collision,Going straight,Moving Backward,Slight Injury
2024-03-10 18:37:00,Thursday,Other,Two-way (divided with broken lines road marking),Tangent road with mild grade and flat terrain,Y Shape,Gravel roads,Wet or damp,Darkness - lights lit,Normal,Collision with roadside objects,Turnover,Changing lane to the right,Slight Injury
2024-03-10 08:02:00,Tuesday,Hospital areas,Two-way (divided with broken lines road marking),Tangent road with flat terrain,Unknown,Asphalt roads,Dry,Daylight,Normal,Vehicle with vehicle collision,Going straight,No priority to vehicle,Slight Injury
2024-03-10 08:02:00,Tuesday,Other,Two-way (divided with broken lines road marking),Tangent road with flat terrain,Unknown,Earth roads,Dry,Daylight,Normal,Vehicle with vehicle collision,Moving Backward,Moving Backward,Slight Injury
2024-03-10 08:02:00,Tuesday,Other,One way,Tangent road with flat terrain,Unknown,Asphalt roads,Dry,Daylight,Normal,Vehicle with vehicle collision,Going straight,Driving carelessly,Slight Injury
2024-03-10 06:14:00,Friday,Other,Two-way (divided with broken lines road marking),Tangent road with mild grade and flat terrain,Y Shape,Asphalt roads,Wet or damp,Darkness - lights lit,Normal,Vehicle with vehicle collision,Going straight,Driving carelessly,Slight Injury
2024-03-10 06:14:00,Friday,Office areas,Two-way (divided with broken lines road marking),Tangent road with flat terrain,Y Shape,Asphalt roads,Wet or damp,Darkness - lights lit,Normal,Collision with pedestrians,Moving Backward,Driving under the influence of drugs,Slight Injury
2024-03-10 17:55:00,Saturday,Residential areas,Two-way (divided with broken lines road marking),Tangent road with flat terrain,O Shape,Earth roads,Dry,Darkness - lights lit,Normal,Rollover,Going straight,No priority to pedestrian,Serious Injury
2024-03-10 22:48:00,Monday,Other,Two-way (divided with broken lines road marking),Tangent road with flat terrain,No junction,Asphalt roads,Wet or damp,Darkness - lights lit,Normal,Vehicle with vehicle collision,Going straight,No priority to vehicle,Slight Injury
2024-03-10 22:48:00,Monday,Residential areas,Two-way (divided with broken lines road marking),Tangent road with flat terrain,No junction,Asphalt roads,Wet or damp,Darkness - lights lit,Normal,Vehicle with vehicle collision,Waiting to go,Driving carelessly,Slight Injury
2024-03-10 19:51:00,Friday,Other,Undivided Two way,Tangent road with flat terrain,No junction,Asphalt roads,Dry,Darkness - no lighting,Normal,Vehicle with vehicle collision,Moving Backward,Moving Backward,Serious Injury
2024-03-10 09:45:00,Wednesday,Residential areas,Double carriageway (median),Tangent road with flat terrain,Crossing,Asphalt roads,Dry,Daylight,Normal,Collision with roadside objects,Moving Backward,Driving carelessly,Slight Injury
2024-03-10 09:45:00,Wednesday,Office areas,Two-way (divided with broken lines road marking),Tangent road with flat terrain,Crossing,Asphalt roads,Dry,Daylight,Normal,Vehicle with vehicle collision,Going straight,No priority to vehicle,Slight Injury
2024-03-10 16:59:00,Friday,Office areas,Two-way (divided with broken lines road marking),Tangent road with mild grade and flat terrain,No junction,Asphalt roads,Dry,Daylight,Normal,Rollover,Unknown,Changing lane to the right,Slight Injury
2024-03-10 16:59:00,Friday,Office areas,Double carriageway (median),Tangent road with flat terrain,No junction,Asphalt roads,Dry,Daylight,Normal,Collision with roadside objects,Going straight,Changing lane to the left,Slight Injury
2024-03-10 15:30:00,Wednesday,Recreational areas,Two-way (divided with broken lines road marking),Tangent road with flat terrain,Y Shape,Asphalt roads,Wet or damp,Daylight,Other,Vehicle with vehicle collision,Going straight,No priority to vehicle,Slight Injury
2024-03-10 15:30:00,Wednesday,Other,Two-way (divided with broken lines road marking),Tangent road with flat terrain,Y Shape,Asphalt roads,Wet or damp,Daylight,Other,Vehicle with vehicle collision,Going straight,Driving carelessly,Slight Injury
2024-03-10 08:24:00,Thursday,Other,other,Tangent road with flat terrain,Y Shape,Asphalt roads,Dry,Daylight,Normal,Vehicle with vehicle collision,Moving Backward,Moving Backward,Serious Injury
2024-03-10 14:18:00,Wednesday,Other,Two-way (divided with broken lines road marking),Tangent road with flat terrain,Y Shape,Asphalt roads,Dry,Daylight,Normal,Vehicle with vehicle collision,Going straight,No distancing,Serious Injury
2024-03-10 18:45:00,Monday,Other,Double carriageway (median),Tangent road with flat terrain,Y Shape,Asphalt roads,Dry,Darkness - lights lit,Normal,Vehicle with vehicle collision,Going straight,Changing lane to the left,Slight Injury
2024-03-10 07:50:00,Monday,Other,Undivided Two way,Tangent road with mountainous terrain and,Y Shape,Asphalt roads,Dry,Daylight,Normal,Vehicle with vehicle collision,Going straight,Changing lane to the left,Slight Injury
2024-03-10 18:08:00,Monday,Office areas,Two-way (divided with broken lines road marking),Tangent road with flat terrain,O Shape,Asphalt roads,Wet or damp,Darkness - lights lit,Raining,Collision with pedestrians,Going straight,No distancing,Slight Injury
2024-03-10 07:40:00,Tuesday,Office areas,Two-way (divided with broken lines road marking),Tangent road with flat terrain,Crossing,Asphalt roads,Wet or damp,Daylight,Normal,Vehicle with vehicle collision,Going straight,Changing lane to the left,Slight Injury
2024-03-10 07:30:00,Friday,Office areas,One way,Tangent road with flat terrain,Crossing,Asphalt roads,Wet or damp,Daylight,Raining,Vehicle with vehicle collision,Reversing,Driving carelessly,Serious Injury
2024-03-10 07:30:00,Friday,Residential areas,Double carriageway (median),Tangent road with flat terrain,Crossing,Asphalt roads,Wet or damp,Daylight,Raining,Collision with roadside objects,Going straight,Changing lane to the left,Serious Injury
2024-03-10 09:56:00,Thursday,Recreational areas,Two-way (divided with broken lines road marking),Tangent road with flat terrain,Y Shape,Asphalt roads,Wet or damp,Daylight,Normal,Vehicle with vehicle collision,Going straight,No distancing,Slight Injury
2024-03-10 09:56:00,Thursday,Church areas,Double carriageway (median),Tangent road with flat terrain,Y Shape,Asphalt roads,Wet or damp,Daylight,Normal,Vehicle with vehicle collision,Going straight,Changing lane to the right,Slight Injury
2024-03-10 09:09:00,Thursday,Office areas,Undivided Two way,Tangent road with flat terrain,Crossing,Asphalt roads,Wet or damp,Daylight,Other,Vehicle with vehicle collision,Going straight,No distancing,Slight Injury
2024-03-10 09:09:00,Thursday,Other,Two-way (divided with broken lines road marking),Tangent road with flat terrain,Crossing,Earth roads,Wet or damp,Daylight,Other,Collision with roadside objects,Going straight,Driving to the left,Slight Injury
2024-03-10 15:30:00,Sunday,Residential areas,other,Steep grade downward with mountainous terrain,No junction,Asphalt roads,Dry,Daylight,Normal,Vehicle with vehicle collision,Going straight,No distancing,Slight Injury
2024-03-10 15:30:00,Sunday,School areas,other,Tangent road with flat terrain,No junction,Asphalt roads,Dry,Daylight,Normal,Vehicle with vehicle collision,Going straight,Overtaking,Slight Injury
2024-03-10 06:20:00,Friday,Office areas,Two-way (divided with broken lines road marking),Tangent road with flat terrain,Y Shape,Other,Dry,Daylight,Normal,Vehicle with vehicle collision,Going straight,Driving under the influence of drugs,Slight Injury
2024-03-10 06:20:00,Friday,Other,other,Tangent road with flat terrain,Y Shape,Asphalt roads,Dry,Daylight,Normal,Vehicle with vehicle collision,Waiting to go,No priority to pedestrian,Slight Injury
2024-03-10 15:44:00,Tuesday,Other,Two-way (divided with broken lines road marking),Tangent road with flat terrain,Y Shape,Asphalt roads,Dry,Daylight,Other,Vehicle with vehicle collision,Going straight,Moving Backward,Slight Injury
2024-03-10 15:44:00,Tuesday,Office areas,Two-way (divided with broken lines road marking),Tangent road with mountainous terrain and,Y Shape,Asphalt roads,Dry,Daylight,Other,Vehicle with vehicle collision,Going straight,Changing lane to the right,Slight Injury
2024-03-10 22:39:00,Friday,Office areas,Two-way (divided with broken lines road marking),Tangent road with flat terrain,O Shape,Asphalt roads,Wet or damp,Darkness - lights lit,Raining,Vehicle with vehicle collision,Going straight,Changing lane to the left,Slight Injury
2024-03-10 22:39:00,Friday,Other,Undivided Two way,Tangent road with flat terrain,O Shape,Asphalt roads,Wet or damp,Darkness - lights lit,Raining,Collision with roadside objects,Going straight,Changing lane to the right,Slight Injury
2024-03-10 08:10:00,Thursday,Office areas,Two-way (divided with broken lines road marking),Tangent road with flat terrain,Y Shape,Asphalt roads,Dry,Daylight,Normal,Vehicle with vehicle collision,Going straight,Driving under the influence of drugs,Slight Injury
2024-03-10 08:10:00,Thursday,Industrial areas,Two-way (divided with broken lines road marking),Tangent road with flat terrain,Y Shape,Asphalt roads,Dry,Daylight,Normal,Vehicle with vehicle collision,Going straight,No priority to vehicle,Slight Injury
2024-03-10 18:05:00,Wednesday,Office areas,Undivided Two way,Tangent road with flat terrain,Y Shape,Asphalt roads,Dry,Darkness - lights lit,Normal,Vehicle with vehicle collision,Going straight,No priority to vehicle,Slight Injury