Time,Day_of_week,Area_accident_occured,Lanes_or_Medians,Road_allignment,Types_of_Junction,Road_surface_type,Road_surface_conditions,Light_conditions,Weather_conditions,Type_of_collision,Vehicle_movement,Cause_of_accident,Accident_severity
2024-03-10 16:50:00,Tuesday,Church areas,Two-way (divided with broken lines road marking),Tangent road with flat terrain,No junction,Asphalt roads,Dry,Daylight,Normal,Collision with roadside-parked vehicles,Other,Changing lane to the right,Slight Injury
2024-03-10 16:50:00,Tuesday,Office areas,Two-way (divided with broken lines road marking),Tangent road with flat terrain,No junction,Asphalt roads,Dry,Daylight,Normal,Collision with animals,Going straight,Driving carelessly,Slight Injury
2024-03-10 16:50:00,Tuesday,Office areas,Undivided Two way,Tangent road with mountainous terrain and,No junction,Asphalt roads,Dry,Daylight,Normal,Collision with animals,Going straight,Changing lane to the right,Slight Injury
2024-03-10 18:45:00,Tuesday,Other,Undivided Two way,Tangent road with flat terrain,Crossing,Asphalt roads,Wet or damp,Daylight,Windy,Collision with animals,Moving Backward,No distancing,Slight Injury
2024-03-10 22:15:00,Sunday,Residential areas,Two-way (divided with broken lines road marking),Tangent road with flat terrain,Y Shape,Asphalt roads,Dry,Darkness - lights lit,Normal,Collision with animals,Reversing,Moving Backward,Slight Injury
2024-03-10 22:15:00,Sunday,Office areas,Two-way (divided with broken lines road marking),Tangent road with mild grade and flat terrain,Y Shape,Asphalt roads,Dry,Darkness - lights lit,Normal,Collision with animals,Going straight,Driving carelessly,Slight Injury
2024-03-10 21:45:00,Monday,Residential areas,other,Tangent road with flat terrain,No junction,Asphalt roads,Wet or damp,Darkness - lights lit,Other,Collision with animals,Going straight,No distancing,Slight Injury
2024-03-10 21:45:00,Monday,Residential areas,Two-way (divided with broken lines road marking),Tangent road with flat terrain,No junction,Asphalt roads,Wet or damp,Darkness - lights lit,Other,Collision with animals,Moving Backward,No priority to vehicle,Slight Injury
2024-03-10 21:45:00,Monday,Other,Double carriageway (median),Tangent road with flat terrain,No junction,Asphalt roads,Wet or damp,Darkness - lights lit,Other,Collision with animals,Going straight,Changing lane to the right,Slight Injury
2024-03-10 21:45:00,Monday,Hospital areas,One way,Tangent road with flat terrain,No junction,Asphalt roads,Wet or damp,Darkness - lights lit,Other,Collision with animals,Going straight,Moving Backward,Slight Injury
2024-03-10 14:41:00,Sunday,Other,Undivided Two way,Tangent road with flat terrain,Y Shape,Asphalt roads,Dry,Daylight,Normal,Collision with animals,Going straight,Driving under the influence of drugs,Serious Injury
2024-03-10 16:11:00,Sunday,Other,Undivided Two way,Tangent road with flat terrain,Y Shape,Asphalt roads,Dry,Daylight,Normal,Collision with animals,Going straight,Changing lane to the right,Serious Injury
2024-03-10 22:14:00,Thursday,Recreational areas,One way,Tangent road with mild grade and flat terrain,No junction,Asphalt roads,Wet or damp,Darkness - lights lit,Raining,Collision with animals,Going straight,No priority to vehicle,Serious Injury
2024-03-10 22:14:00,Thursday,Other,Undivided Two way,Tangent road with flat terrain,No junction,Asphalt roads,Wet or damp,Darkness - lights lit,Raining,Other,Going straight,Changing lane to the left,Serious Injury
2024-03-10 22:14:00,Thursday,Other,Undivided Two way,Tangent road with flat terrain,No junction,Asphalt roads,Wet or damp,Darkness - lights lit,Raining,Rollover,Going straight,Driving carelessly,Serious Injury
2024-03-10 22:14:00,Thursday,Other,Undivided Two way,Tangent road with flat terrain,No junction,Asphalt roads,Wet or damp,Darkness - lights lit,Raining,Collision with animals,Going straight,No priority to pedestrian,Serious Injury
2024-03-10 15:00:00,Tuesday,Office areas,Two-way (divided with broken lines road marking),Tangent road with flat terrain,Y Shape,Asphalt roads,Dry,Daylight,Other,Rollover,Reversing,No priority to pedestrian,Slight Injury
2024-03-10 15:00:00,Tuesday,Other,Two-way (divided with broken lines road marking),Tangent road with mild grade and flat terrain,Y Shape,Asphalt roads,Dry,Daylight,Other,Collision with animals,Going straight,Changing lane to the right,Slight Injury
2024-03-10 15:40:00,Thursday,Residential areas,Two-way (divided with broken lines road marking),Tangent road with flat terrain,No junction,Asphalt roads,Dry,Daylight,Unknown,Collision with animals,Going straight,Drunk driving,Slight Injury
2024-03-10 15:40:00,Thursday,Other,Undivided Two way,Tangent road with flat terrain,No junction,Asphalt roads,Dry,Daylight,Unknown,Vehicle with vehicle collision,Going straight,Changing lane to the left,Slight Injury
2024-03-10 15:40:00,Thursday,Other,Undivided Two way,Tangent road with flat terrain,No junction,Asphalt roads,Dry,Daylight,Unknown,Fall from vehicles,Going straight,Changing lane to the left,Slight Injury
2024-03-10 11:22:00,Saturday,Church areas,Undivided Two way,Tangent road with flat terrain,No junction,Asphalt roads,Dry,Daylight,Normal,Collision with roadside-parked vehicles,Going straight,Driving to the left,Slight Injury
2024-03-10 11:22:00,Saturday,Office areas,Undivided Two way,Tangent road with flat terrain,No junction,Asphalt roads,Dry,Daylight,Normal,Collision with roadside-parked vehicles,Going straight,Changing lane to the left,Slight Injury
2024-03-10 12:00:00,Saturday,School areas,other,Tangent road with flat terrain,O Shape,Asphalt roads,Dry,Daylight,Unknown,Rollover,Other,Driving under the influence of drugs,Slight Injury
2024-03-10 12:00:00,Saturday,Other,Undivided Two way,Tangent road with flat terrain,O Shape,Asphalt roads,Dry,Daylight,Unknown,Collision with animals,Moving Backward,No priority to pedestrian,Slight Injury
2024-03-10 13:35:00,Monday,Office areas,Undivided Two way,Tangent road with flat terrain,Y Shape,Asphalt roads,Dry,Daylight,Normal,Collision with animals,Other,Changing lane to the left,Serious Injury
2024-03-10 13:35:00,Monday,Residential areas,other,Steep grade downward with mountainous terrain,Y Shape,Asphalt roads,Dry,Daylight,Normal,Fall from vehicles,Going straight,Moving Backward,Serious Injury
2024-03-10 15:32:00,Wednesday,Industrial areas,One way,Tangent road with flat terrain,Y Shape,Asphalt roads,Dry,Daylight,Normal,Collision with roadside-parked vehicles,Going straight,No distancing,Slight Injury
2024-03-10 15:55:00,Tuesday,Other,Undivided Two way,Tangent road with flat terrain,No junction,Asphalt roads,Wet or damp,Daylight,Raining,Collision with animals,Going straight,Changing lane to the right,Slight Injury
2024-03-10 15:55:00,Tuesday,Residential areas,Undivided Two way,Tangent road with flat terrain,No junction,Asphalt roads,Wet or damp,Daylight,Raining,Collision with animals,Other,No priority to vehicle,Slight Injury
2024-03-10 15:55:00,Tuesday,Recreational areas,Two-way (divided with broken lines road marking),Tangent road with flat terrain,No junction,Asphalt roads,Wet or damp,Daylight,Raining,Collision with pedestrians,Going straight,Moving Backward,Slight Injury
2024-03-10 08:35:00,Monday,Office areas,other,Tangent road with flat terrain,Other,Asphalt roads,Dry,Daylight,Unknown,Vehicle with vehicle collision,Going straight,Overtaking,Slight Injury
2024-03-10 08:35:00,Monday,Outside rural areas,Two-way (divided with broken lines road marking),Tangent road with flat terrain,Other,Asphalt roads,Dry,Daylight,Unknown,Vehicle with vehicle collision,Going straight,Changing lane to the left,Slight Injury
2024-03-10 19:50:00,Friday,Outside rural areas,Two-way (divided with broken lines road marking),Tangent road with flat terrain,Y Shape,Asphalt roads,Dry,Daylight,Normal,Collision with pedestrians,Going straight,Changing lane to the right,Slight Injury
2024-03-10 19:50:00,Friday,Outside rural areas,Undivided Two way,Tangent road with flat terrain,Y Shape,Asphalt roads,Dry,Daylight,Normal,Vehicle with vehicle collision,Going straight,Overtaking,Slight Injury
2024-03-10 07:15:00,Thursday,Outside rural areas,Undivided Two way,Tangent road with flat terrain,Unknown,Asphalt roads,Wet or damp,Daylight,Raining,Collision with roadside objects,Going straight,Overloading,Slight Injury
2024-03-10 15:11:00,Friday,Outside rural areas,other,Steep grade downward with mountainous terrain,No junction,Asphalt roads,Dry,Daylight,Normal,Vehicle with vehicle collision,Moving Backward,Other,Serious Injury
2024-03-10 17:45:00,Wednesday,School areas,other,Steep grade downward with mountainous terrain,Y Shape,Asphalt roads,Dry,Daylight,Unknown,Vehicle with vehicle collision,Moving Backward,No priority to vehicle,Slight Injury
2024-03-10 17:45:00,Wednesday,Outside rural areas,Two-way (divided with broken lines road marking),Tangent road with flat terrain,Y Shape,Asphalt roads,Dry,Daylight,Unknown,Vehicle with vehicle collision,Going straight,Changing lane to the right,Slight Injury
2024-03-10 14:30:00,Friday,Outside rural areas,Undivided Two way,Tangent road with flat terrain,Y Shape,Asphalt roads,Wet or damp,Daylight,Other,Rollover,Going straight,Moving Backward,Serious Injury
2024-03-10 14:30:00,Friday,Outside rural areas,Two-way (divided with broken lines road marking),Escarpments,Y Shape,Asphalt roads,Wet or damp,Daylight,Other,Vehicle with vehicle collision,Turnover,Changing lane to the left,Serious Injury
2024-03-10 20:40:00,Sunday,Outside rural areas,Two-way (divided with broken lines road marking),Tangent road with mountainous terrain and,No junction,Asphalt roads,Dry,Daylight,Normal,Vehicle with vehicle collision,Going straight,No priority to pedestrian,Slight Injury
2024-03-10 07:18:00,Thursday,Office areas,Undivided Two way,Tangent road with mountainous terrain and,No junction,Asphalt roads,Wet or damp,Daylight,Normal,Vehicle with vehicle collision,Going straight,No distancing,Slight Injury
2024-03-10 07:18:00,Thursday,Outside rural areas,Undivided Two way,Tangent road with mountainous terrain and,No junction,Asphalt roads,Wet or damp,Daylight,Normal,Collision with pedestrians,Going straight,No priority to vehicle,Slight Injury
2024-03-10 17:07:00,Wednesday,Outside rural areas,Undivided Two way,Tangent road with mountainous terrain and,Y Shape,Asphalt roads,Dry,Daylight,Normal,Vehicle with vehicle collision,Going straight,No distancing,Slight Injury
2024-03-10 13:45:00,Thursday,Outside rural areas,Undivided Two way,Tangent road with flat terrain,No junction,Asphalt roads,Dry,Daylight,Normal,Collision with roadside objects,Going straight,No distancing,Slight Injury
2024-03-10 13:45:00,Thursday,Office areas,Undivided Two way,Tangent road with flat terrain,No junction,Asphalt roads,Dry,Daylight,Normal,Vehicle with vehicle collision,Going straight,Moving Backward,Slight Injury
2024-03-10 18:40:00,Friday,Recreational areas,Undivided Two way,Tangent road with flat terrain,Y Shape,Asphalt roads,Dry,Darkness - lights lit,Normal,Rollover,Going straight,Changing lane to the right,Slight Injury
2024-03-10 18:40:00,Friday,Office areas,Undivided Two way,Tangent road with flat terrain,Y Shape,Asphalt roads,Dry,Darkness - lights lit,Normal,Vehicle with vehicle collision,Going straight,No priority to pedestrian,Slight Injury
2024-03-10 18:40:00,Friday,Other,Two-way (divided with broken lines road marking),Tangent road with mild grade and flat terrain,Y Shape,Asphalt roads,Dry,Darkness - lights lit,Normal,Vehicle with vehicle collision,Going straight,Moving Backward,Slight Injury
2024-03-10 18:40:00,Friday,Residential areas,Two-way (divided with broken lines road marking),Tangent road with flat terrain,Y Shape,Asphalt roads,Dry,Darkness - lights lit,Normal,Vehicle with vehicle collision,Other,Getting off the vehicle improperly,Slight Injury
2024-03-10 06:53:00,Wednesday,Residential areas,other,Tangent road with flat terrain,No junction,Asphalt roads,Wet or damp,Daylight,Raining and Windy,Vehicle with vehicle collision,Getting off,Overtaking,Slight Injury
2024-03-10 16:10:00,Monday,Residential areas,Undivided Two way,Tangent road with flat terrain,Y Shape,Asphalt roads,Dry,Daylight,Normal,Vehicle with vehicle collision,Going straight,Overloading,Slight Injury
2024-03-10 16:10:00,Monday,Other,Undivided Two way,Tangent road with flat terrain,Y Shape,Asphalt roads,Dry,Daylight,Normal,Collision with roadside objects,Going straight,Changing lane to the right,Slight Injury
2024-03-10 16:10:00,Monday,Office areas,Two-way (divided with broken lines road marking),Tangent road with flat terrain,Y Shape,Asphalt roads,Dry,Daylight,Normal,Vehicle with vehicle collision,Going straight,Improper parking,Slight Injury
2024-03-10 08:39:00,Monday,Other,Two-way (divided with broken lines road marking),Tangent road with flat terrain,Y Shape,Asphalt roads,Dry,Daylight,Normal,Vehicle with vehicle collision,Other,Other,Slight Injury
2024-03-10 13:30:00,Tuesday,Other,other,Tangent road with flat terrain,Other,Asphalt roads,Dry,Daylight,Normal,Collision with roadside objects,Going straight,Changing lane to the left,Slight Injury
2024-03-10 13:30:00,Tuesday,Office areas,Two-way (divided with broken lines road marking),Tangent road with flat terrain,Other,Asphalt roads,Dry,Daylight,Normal,Collision with roadside objects,Moving Backward,Changing lane to the right,Slight Injury
2024-03-10 19:10:00,Monday,Church areas,other,Tangent road with flat terrain,No junction,Asphalt roads,Dry,Daylight,Normal,Vehicle with vehicle collision,Other,No priority to pedestrian,Serious Injury
2024-03-10 19:10:00,Monday,Other,Two-way (divided with broken lines road marking),Tangent road with flat terrain,No junction,Asphalt roads,Dry,Daylight,Normal,Vehicle with vehicle collision,Going straight,Overspeed,Serious Injury
2024-03-10 17:15:00,Thursday,Other,One way,Tangent road with flat terrain,No junction,Asphalt roads,Dry,Daylight,Normal,Vehicle with vehicle collision,Going straight,Changing lane to the left,Slight Injury
2024-03-10 17:15:00,Thursday,Office areas,Double carriageway (median),Tangent road with flat terrain,No junction,Asphalt roads,Dry,Daylight,Normal,Vehicle with vehicle collision,Going straight,No priority to vehicle,Slight Injury
2024-03-10 10:25:00,Sunday,Office areas,One way,Tangent road with mild grade and flat terrain,No junction,Asphalt roads,Dry,Daylight,Normal,Collision with roadside objects,Going straight,Changing lane to the right,Slight Injury
2024-03-10 10:25:00,Sunday,Office areas,Undivided Two way,Tangent road with flat terrain,No junction,Asphalt roads,Dry,Daylight,Normal,Vehicle with vehicle collision,Going straight,No distancing,Slight Injury
2024-03-10 10:25:00,Sunday,Office areas,Double carriageway (median),Tangent road with flat terrain,No junction,Asphalt roads,Dry,Daylight,Normal,Vehicle with vehicle collision,Going straight,No priority to pedestrian,Slight Injury
2024-03-10 20:40:00,Thursday,Office areas,Undivided Two way,Tangent road with flat terrain,Y Shape,Asphalt roads,Wet or damp,Darkness - lights lit,Raining,Vehicle with vehicle collision,Going straight,No priority to vehicle,Slight Injury
2024-03-10 20:40:00,Thursday,Other,Undivided Two way,Tangent road with flat terrain,Y Shape,Asphalt roads,Wet or damp,Darkness - lights lit,Raining,Vehicle with vehicle collision,Going straight,Other,Slight Injury
2024-03-10 20:40:00,Thursday,Other,Double carriageway (median),Tangent road with flat terrain,Y Shape,Gravel roads,Wet or damp,Darkness - lights lit,Raining,Vehicle with vehicle collision,Going straight,Driving carelessly,Slight Injury
2024-03-10 20:40:00,Thursday,Other,Two-way (divided with broken lines road marking),Tangent road with flat terrain,Y Shape,Asphalt roads,Wet or damp,Darkness - lights lit,Raining,Collision with roadside objects,Going straight,Changing lane to the left,Slight Injury
2024-03-10 20:40:00,Thursday,Office areas,Undivided Two way,Tangent road with flat terrain,Y Shape,Asphalt roads,Wet or damp,Darkness - lights lit,Raining,Vehicle with vehicle collision,Going straight,Driving carelessly,Slight Injury
2024-03-10 15:20:00,Friday,Office areas,Two-way (divided with broken lines road marking),Tangent road with flat terrain,No junction,Asphalt roads,Dry,Daylight,Unknown,Collision with pedestrians,Going straight,Changing lane to the left,Slight Injury
2024-03-10 15:20:00,Friday,Office areas,Two-way (divided with broken lines road marking),Tangent road with flat terrain,No junction,Asphalt roads,Dry,Daylight,Unknown,Collision with roadside objects,Going straight,No priority to vehicle,Slight Injury
2024-03-10 14:38:00,Tuesday,Office areas,Two-way (divided with broken lines road marking),Tangent road with flat terrain,No junction,Asphalt roads,Dry,Daylight,Normal,Collision with roadside objects,Going straight,No distancing,Slight Injury
2024-03-10 14:38:00,Tuesday,Church areas,Undivided Two way,Tangent road with flat terrain,No junction,Asphalt roads,Dry,Daylight,Normal,Vehicle with vehicle collision,Going straight,Changing lane to the right,Slight Injury
2024-03-10 14:38:00,Tuesday,Office areas,Two-way (divided with broken lines road marking),Tangent road with flat terrain,No junction,Asphalt roads,Dry,Daylight,Normal,Rollover,Going straight,Changing lane to the right,Slight Injury
2024-03-10 14:38:00,Tuesday,Residential areas,Two-way (divided with broken lines road marking),Tangent road with flat terrain,No junction,Asphalt roads,Dry,Daylight,Normal,Vehicle with vehicle collision,Going straight,Driving at high speed,Slight Injury
2024-03-10 12:00:00,Wednesday,School areas,Two-way (divided with broken lines road marking),Tangent road with flat terrain,Y Shape,Asphalt roads,Dry,Daylight,Unknown,Vehicle with vehicle collision,Going straight,No distancing,Slight Injury
2024-03-10 12:00:00,Wednesday,Office areas,Undivided Two way,Tangent road with flat terrain,Y Shape,Asphalt roads with some distress,Dry,Daylight,Unknown,Vehicle with vehicle collision,Going straight,Changing lane to the right,Slight Injury
2024-03-10 16:15:00,Friday,Other,Undivided Two way,Tangent road with flat terrain,Crossing,Asphalt roads,Dry,Daylight,Normal,Vehicle with vehicle collision,Turnover,Changing lane to the left,Slight Injury
2024-03-10 16:15:00,Friday,Other,Double carriageway (median),Tangent road with flat terrain,Crossing,Asphalt roads,Dry,Daylight,Normal,Vehicle with vehicle collision,Moving Backward,Getting off the vehicle improperly,Slight Injury
2024-03-10 10:30:00,Wednesday,Other,Double carriageway (median),Tangent road with flat terrain,Other,Asphalt roads,Dry,Daylight,Normal,Vehicle with vehicle collision,Going straight,Other,Slight Injury
2024-03-10 00:30:00,Saturday,Other,Two-way (divided with broken lines road marking),Tangent road with flat terrain,No junction,Asphalt roads,Dry,Darkness - lights lit,Normal,Vehicle with vehicle collision,Going straight,Other,Slight Injury
2024-03-10 00:30:00,Saturday,Office areas,Double carriageway (median),Tangent road with mild grade and flat terrain,No junction,Asphalt roads,Dry,Darkness - lights lit,Normal,Vehicle with vehicle collision,Moving Backward,No distancing,Slight Injury
2024-03-10 00:30:00,Saturday,Office areas,Two-way (divided with broken lines road marking),Tangent road with flat terrain,No junction,Asphalt roads,Dry,Darkness - lights lit,Normal,Collision with roadside objects,Going straight,No priority to vehicle,Slight Injury
2024-03-10 18:47:00,Friday,Office areas,One way,Tangent road with mild grade and flat terrain,No junction,Asphalt roads,Wet or damp,Daylight,Raining,Vehicle with vehicle collision,Moving Backward,Overtaking,Slight Injury
2024-03-10 18:47:00,Friday,Office areas,One way,Tangent road with mild grade and flat terrain,No junction,Asphalt roads,Wet or damp,Daylight,Raining,Vehicle with vehicle collision,Going straight,No priority to pedestrian,Slight Injury
2024-03-10 18:47:00,Friday,Office areas,One way,Tangent road with flat terrain,No junction,Asphalt roads,Wet or damp,Daylight,Raining,Vehicle with vehicle collision,Going straight,No distancing,Slight Injury
2024-03-10 17:40:00,Thursday,Office areas,Two-way (divided with broken lines road marking),Tangent road with flat terrain,Y Shape,Asphalt roads,Dry,Daylight,Normal,Vehicle with vehicle collision,Going straight,Changing lane to the right,Slight Injury
2024-03-10 17:40:00,Thursday,Office areas,Two-way (divided with broken lines road marking),Tangent road with flat terrain,Y Shape,Asphalt roads,Dry,Daylight,Normal,Collision with pedestrians,Other,Driving carelessly,Slight Injury
2024-03-10 13:00:00,Friday,Other,Undivided Two way,Tangent road with flat terrain,Y Shape,Asphalt roads,Dry,Daylight,Normal,Vehicle with vehicle collision,Other,Changing lane to the right,Slight Injury
2024-03-10 13:00:00,Friday,Other,Two-way (divided with broken lines road marking),Tangent road with flat terrain,Y Shape,Asphalt roads,Dry,Daylight,Normal,Vehicle with vehicle collision,Going straight,Overtaking,Slight Injury
2024-03-10 13:00:00,Friday,Residential areas,Two-way (divided with broken lines road marking),Tangent road with flat terrain,Y Shape,Asphalt roads,Dry,Daylight,Normal,Vehicle with vehicle collision,Reversing,Other,Slight Injury
2024-03-10 16:15:00,Friday,Other,Two-way (divided with broken lines road marking),Tangent road with flat terrain,Y Shape,Asphalt roads,Dry,Daylight,Normal,Vehicle with vehicle collision,Going straight,Driving to the left,Slight Injury
2024-03-10 11:55:00,Wednesday,Other,Two-way (divided with broken lines road marking),Tangent road with flat terrain,No junction,Asphalt roads,Dry,Daylight,Unknown,Vehicle with vehicle collision,Going straight,Driving at high speed,Slight Injury
2024-03-10 11:55:00,Wednesday,Other,Two-way (divided with broken lines road marking),Tangent road with flat terrain,No junction,Asphalt roads,Dry,Daylight,Unknown,Vehicle with vehicle collision,Going straight,Unknown,Slight Injury
2024-03-10 10:40:00,Wednesday,Other,Undivided Two way,Tangent road with flat terrain,No junction,Asphalt roads,Dry,Daylight,Normal,Collision with roadside objects,Going straight,Changing lane to the right,Slight Injury
2024-03-10 10:40:00,Wednesday,Industrial areas,Undivided Two way,Tangent road with flat terrain,No junction,Asphalt roads,Dry,Daylight,Normal,Vehicle with vehicle collision,Moving Backward,No distancing,Slight Injury
2024-03-10 00:15:00,Sunday,Industrial areas,Undivided Two way,Tangent road with flat terrain,Y Shape,Asphalt roads,Dry,Darkness - lights lit,Normal,Vehicle with vehicle collision,Going straight,Other,Slight Injury
2024-03-10 00:15:00,Sunday,Church areas,Double carriageway (median),Tangent road with flat terrain,Y Shape,Asphalt roads,Dry,Darkness - lights lit,Normal,Vehicle with vehicle collision,Going straight,No priority to vehicle,Slight Injury
2024-03-10 00:15:00,Sunday,Other,Undivided Two way,Tangent road with flat terrain,Y Shape,Asphalt roads,Dry,Darkness - lights lit,Normal,Vehicle with vehicle collision,Going straight,Changing lane to the left,Slight Injury
2024-03-10 15:20:00,Saturday,Other,Undivided Two way,Tangent road with flat terrain,Y Shape,Asphalt roads,Dry,Daylight,Normal,Vehicle with vehicle collision,Going straight,No priority to pedestrian,Slight Injury
2024-03-10 15:20:00,Saturday,Office areas,Undivided Two way,Tangent road with flat terrain,Y Shape,Asphalt roads,Dry,Daylight,Normal,Vehicle with vehicle collision,Going straight,Overtaking,Slight Injury
2024-03-10 15:20:00,Saturday,Office areas,Undivided Two way,Tangent road with flat terrain,Y Shape,Asphalt roads,Dry,Daylight,Normal,Vehicle with vehicle collision,Moving Backward,Driving carelessly,Slight Injury
2024-03-10 15:20:00,Saturday,Residential areas,Two-way (divided with broken lines road marking),Tangent road with flat terrain,Y Shape,Asphalt roads,Dry,Daylight,Normal,Vehicle with vehicle collision,Going straight,No priority to vehicle,Slight Injury
2024-03-10 15:20:00,Saturday,Industrial areas,Undivided Two way,Tangent road with flat terrain,Y Shape,Asphalt roads,Dry,Daylight,Normal,Rollover,Going straight,No priority to pedestrian,Slight Injury
2024-03-10 18:26:00,Thursday,Office areas,Undivided Two way,Tangent road with flat terrain,No junction,Asphalt roads,Dry,Daylight,Normal,Vehicle with vehicle collision,Moving Backward,Changing lane to the right,Slight Injury
2024-03-10 18:26:00,Thursday,Other,Undivided Two way,Tangent road with flat terrain,No junction,Asphalt roads,Dry,Daylight,Normal,Vehicle with vehicle collision,Moving Backward,Driving carelessly,Slight Injury
2024-03-10 11:20:00,Thursday,Other,Two-way (divided with broken lines road marking),Tangent road with flat terrain,Y Shape,Asphalt roads,Dry,Daylight,Normal,Vehicle with vehicle collision,Going straight,Changing lane to the right,Slight Injury
2024-03-10 18:39:00,Monday,Residential areas,Undivided Two way,Tangent road with flat terrain,Y Shape,Asphalt roads,Dry,Daylight,Normal,Collision with roadside objects,Turnover,Changing lane to the right,Slight Injury
2024-03-10 18:39:00,Monday,Office areas,Two-way (divided with broken lines road marking),Tangent road with flat terrain,Y Shape,Asphalt roads,Dry,Daylight,Normal,Vehicle with vehicle collision,Turnover,Changing lane to the left,Slight Injury
2024-03-10 19:30:00,Thursday,Residential areas,other,Tangent road with flat terrain,Crossing,Asphalt roads,Dry,Daylight,Normal,Vehicle with vehicle collision,Going straight,Overturning,Slight Injury
2024-03-10 19:30:00,Thursday,Office areas,Two-way (divided with broken lines road marking),Tangent road with flat terrain,Crossing,Asphalt roads,Dry,Daylight,Normal,Vehicle with vehicle collision,Going straight,Driving carelessly,Slight Injury
2024-03-10 14:55:00,Saturday,Residential areas,One way,Tangent road with flat terrain,Crossing,Asphalt roads,Dry,Daylight,Normal,Collision with roadside objects,Going straight,No distancing,Slight Injury
2024-03-10 14:55:00,Saturday,Office areas,Undivided Two way,Tangent road with flat terrain,Crossing,Asphalt roads,Dry,Daylight,Normal,Vehicle with vehicle collision,Going straight,Driving carelessly,Slight Injury
2024-03-10 14:45:00,Sunday,Recreational areas,other,Tangent road with flat terrain,Y Shape,Asphalt roads,Dry,Daylight,Normal,Vehicle with vehicle collision,Going straight,Changing lane to the left,Serious Injury
2024-03-10 14:45:00,Sunday,Office areas,other,Tangent road with mild grade and flat terrain,Y Shape,Asphalt roads,Dry,Daylight,Normal,Vehicle with vehicle collision,Going straight,No priority to vehicle,Serious Injury
2024-03-10 08:40:00,Tuesday,Industrial areas,other,Tangent road with flat terrain,No junction,Asphalt roads,Wet or damp,Daylight,Raining,Vehicle with vehicle collision,Getting off,Changing lane to the right,Slight Injury
2024-03-10 15:05:00,Wednesday,Residential areas,Undivided Two way,Tangent road with flat terrain,No junction,Asphalt roads,Wet or damp,Daylight,Raining,Vehicle with vehicle collision,Other,Moving Backward,Slight Injury
2024-03-10 12:08:00,Saturday,Residential areas,other,Tangent road with flat terrain,No junction,Asphalt roads,Dry,Daylight,Normal,Vehicle with vehicle collision,Going straight,Moving Backward,Slight Injury
2024-03-10 12:08:00,Saturday,Industrial areas,other,Tangent road with flat terrain,No junction,Asphalt roads,Dry,Daylight,Normal,Vehicle with vehicle collision,Going straight,No distancing,Slight Injury
2024-03-10 12:08:00,Saturday,Residential areas,Undivided Two way,Tangent road with flat terrain,No junction,Asphalt roads,Dry,Daylight,Normal,Vehicle with vehicle collision,Going straight,No distancing,Slight Injury
2024-03-10 23:21:00,Thursday,Residential areas,other,Tangent road with flat terrain,No junction,Asphalt roads,Dry,Darkness - lights lit,Normal,Vehicle with vehicle collision,Going straight,No distancing,Slight Injury
2024-03-10 23:21:00,Thursday,Office areas,Undivided Two way,Tangent road with flat terrain,No junction,Asphalt roads,Dry,Darkness - lights lit,Normal,Collision with pedestrians,Going straight,No priority to pedestrian,Slight Injury
2024-03-10 08:40:00,Thursday,Office areas,Double carriageway (median),Escarpments,No junction,Asphalt roads,Dry,Daylight,Normal,Vehicle with vehicle collision,Going straight,Driving carelessly,Slight Injury
2024-03-10 08:40:00,Thursday,Office areas,other,Tangent road with flat terrain,No junction,Asphalt roads,Dry,Daylight,Normal,Vehicle with vehicle collision,Going straight,Changing lane to the right,Slight Injury
2024-03-10 08:40:00,Thursday,Office areas,Undivided Two way,Escarpments,No junction,Asphalt roads,Dry,Daylight,Normal,Collision with roadside objects,Going straight,Changing lane to the left,Slight Injury
2024-03-10 08:40:00,Thursday,Office areas,One way,Tangent road with flat terrain,No junction,Asphalt roads,Dry,Daylight,Normal,Vehicle with vehicle collision,Going straight,Driving carelessly,Slight Injury
2024-03-10 17:40:00,Monday,Office areas,Undivided Two way,Tangent road with flat terrain,Crossing,Asphalt roads,Dry,Daylight,Unknown,Vehicle with vehicle collision,Going straight,Driving carelessly,Slight Injury
2024-03-10 17:40:00,Monday,Office areas,other,Tangent road with flat terrain,Crossing,Asphalt roads,Dry,Daylight,Unknown,Collision with pedestrians,Going straight,No distancing,Slight Injury
2024-03-10 10:56:00,Friday,Residential areas,other,Tangent road with flat terrain,Other,Asphalt roads,Wet or damp,Daylight,Normal,Vehicle with vehicle collision,Going straight,Other,Slight Injury
2024-03-10 10:56:00,Friday,Residential areas,One way,Tangent road with flat terrain,Other,Asphalt roads,Wet or damp,Daylight,Normal,Vehicle with vehicle collision,Moving Backward,Changing lane to the right,Slight Injury
2024-03-10 13:00:00,Tuesday,Other,One way,Tangent road with flat terrain,O Shape,Asphalt roads,Dry,Daylight,Normal,Collision with pedestrians,Going straight,Changing lane to the right,Slight Injury
2024-03-10 13:00:00,Tuesday,Church areas,Undivided Two way,Tangent road with flat terrain,O Shape,Asphalt roads,Dry,Daylight,Normal,Collision with pedestrians,Moving Backward,No distancing,Slight Injury