Time,Day_of_week,Area_accident_occured,Lanes_or_Medians,Road_allignment,Types_of_Junction,Road_surface_type,Road_surface_conditions,Light_conditions,Weather_conditions,Type_of_collision,Vehicle_movement,Cause_of_accident,Accident_severity
2024-03-10 23:35:00,Thursday,Office areas,Undivided Two way,Tangent road with flat terrain,Crossing,Asphalt roads,Dry,Darkness - lights lit,Unknown,Vehicle with vehicle collision,Going straight,Changing lane to the right,Slight Injury
2024-03-10 23:35:00,Thursday,Other,Undivided Two way,Tangent road with flat terrain,Crossing,Asphalt roads,Dry,Darkness - lights lit,Unknown,Vehicle with vehicle collision,Going straight,Changing lane to the right,Slight Injury
2024-03-10 10:49:00,Monday,Other,Two-way (divided with broken lines road marking),Tangent road with flat terrain,Y Shape,Asphalt roads,Dry,Daylight,Normal,Vehicle with vehicle collision,Other,Driving to the left,Serious Injury
2024-03-10 10:49:00,Monday,Office areas,Undivided Two way,Tangent road with flat terrain,Y Shape,Asphalt roads,Dry,Daylight,Normal,Vehicle with vehicle collision,Going straight,Changing lane to the left,Serious Injury
2024-03-10 10:44:00,Tuesday,Other,Double carriageway (median),Tangent road with flat terrain,No junction,Asphalt roads,Wet or damp,Daylight,Normal,Vehicle with vehicle collision,Going straight,Moving Backward,Slight Injury
2024-03-10 00:30:00,Sunday,Church areas,other,Tangent road with flat terrain,Y Shape,Asphalt roads,Dry,Darkness - lights lit,Normal,Rollover,Moving Backward,Driving at high speed,Slight Injury
2024-03-10 00:30:00,Sunday,Office areas,Two-way (divided with broken lines road marking),Tangent road with flat terrain,Y Shape,Asphalt roads,Dry,Darkness - lights lit,Normal,Collision with roadside objects,Going straight,Moving Backward,Slight Injury
2024-03-10 00:30:00,Sunday,Office areas,Two-way (divided with broken lines road marking),Tangent road with flat terrain,Y Shape,Asphalt roads,Dry,Darkness - lights lit,Normal,Vehicle with vehicle collision,Moving Backward,No distancing,Slight Injury
2024-03-10 00:30:00,Sunday,Other,Undivided Two way,Tangent road with mountainous terrain and,Y Shape,Asphalt roads,Dry,Darkness - lights lit,Normal,Vehicle with vehicle collision,Other,Other,Slight Injury
2024-03-10 18:30:00,Saturday,Residential areas,Undivided Two way,Tangent road with flat terrain,Y Shape,Asphalt roads,Dry,Daylight,Normal,Collision with roadside objects,Going straight,No priority to vehicle,Slight Injury
2024-03-10 18:30:00,Saturday,Residential areas,Undivided Two way,Tangent road with flat terrain,Y Shape,Asphalt roads,Dry,Daylight,Normal,Vehicle with vehicle collision,Reversing,Changing lane to the right,Slight Injury
2024-03-10 17:00:00,Wednesday,Other,other,Tangent road with flat terrain,Other,Asphalt roads,Dry,Daylight,Normal,Vehicle with vehicle collision,Other,No distancing,Slight Injury
2024-03-10 07:23:00,Wednesday,Office areas,Double carriageway (median),Steep grade downward with mountainous terrain,Y Shape,Asphalt roads,Dry,Daylight,Normal,Vehicle with vehicle collision,Other,Driving carelessly,Slight Injury
2024-03-10 07:23:00,Wednesday,School areas,Double carriageway (median),Tangent road with flat terrain,Y Shape,Asphalt roads,Dry,Daylight,Normal,Vehicle with vehicle collision,Other,No distancing,Slight Injury
2024-03-10 15:26:00,Tuesday,Other,Two-way (divided with broken lines road marking),Steep grade downward with mountainous terrain,Crossing,Asphalt roads,Dry,Daylight,Normal,Vehicle with vehicle collision,Stopping,Moving Backward,Slight Injury
2024-03-10 12:19:00,Wednesday,Other,Two-way (divided with broken lines road marking),Tangent road with rolling terrain,No junction,Asphalt roads,Dry,Daylight,Normal,Collision with pedestrians,Other,No distancing,Slight Injury
2024-03-10 12:19:00,Wednesday,Church areas,Two-way (divided with broken lines road marking),Tangent road with flat terrain,No junction,Asphalt roads,Dry,Daylight,Normal,Vehicle with vehicle collision,Other,Moving Backward,Slight Injury
2024-03-10 08:44:00,Wednesday,Other,Two-way (divided with broken lines road marking),Tangent road with mild grade and flat terrain,Y Shape,Asphalt roads,Dry,Daylight,Unknown,Vehicle with vehicle collision,Going straight,Changing lane to the left,Slight Injury
2024-03-10 08:44:00,Wednesday,Residential areas,Double carriageway (median),Tangent road with flat terrain,Y Shape,Asphalt roads,Dry,Daylight,Unknown,Vehicle with vehicle collision,Going straight,No distancing,Slight Injury
2024-03-10 08:44:00,Wednesday,Office areas,Two-way (divided with broken lines road marking),Tangent road with flat terrain,Y Shape,Asphalt roads,Dry,Daylight,Unknown,Vehicle with vehicle collision,Going straight,Other,Slight Injury
2024-03-10 08:44:00,Wednesday,Office areas,Undivided Two way,Tangent road with flat terrain,Y Shape,Asphalt roads,Dry,Daylight,Unknown,Vehicle with vehicle collision,Going straight,No distancing,Slight Injury
2024-03-10 20:41:00,Sunday,Office areas,Two-way (divided with broken lines road marking),Tangent road with flat terrain,No junction,Asphalt roads,Dry,Darkness - lights lit,Normal,Vehicle with vehicle collision,Going straight,No priority to pedestrian,Serious Injury
2024-03-10 20:41:00,Sunday,Church areas,Two-way (divided with broken lines road marking),Tangent road with flat terrain,No junction,Asphalt roads,Dry,Darkness - lights lit,Normal,Vehicle with vehicle collision,Going straight,Moving Backward,Serious Injury
2024-03-10 15:25:00,Tuesday,Office areas,Two-way (divided with broken lines road marking),Tangent road with flat terrain,No junction,Asphalt roads,Dry,Daylight,Normal,Vehicle with vehicle collision,Going straight,No priority to pedestrian,Slight Injury
2024-03-10 06:40:00,Thursday,Office areas,Two-way (divided with broken lines road marking),Tangent road with mild grade and flat terrain,No junction,Asphalt roads,Wet or damp,Daylight,Normal,Vehicle with vehicle collision,Going straight,No distancing,Slight Injury
2024-03-10 06:40:00,Thursday,Office areas,Two-way (divided with broken lines road marking),Tangent road with mild grade and flat terrain,No junction,Asphalt roads,Wet or damp,Daylight,Normal,Vehicle with vehicle collision,Going straight,No priority to pedestrian,Slight Injury
2024-03-10 18:00:00,Monday,Office areas,Two-way (divided with broken lines road marking),Tangent road with flat terrain,Other,Asphalt roads,Dry,Daylight,Unknown,Collision with roadside objects,Going straight,Driving carelessly,Serious Injury
2024-03-10 18:00:00,Thursday,Other,Two-way (divided with broken lines road marking),Tangent road with flat terrain,No junction,Asphalt roads,Dry,Daylight,Normal,Vehicle with vehicle collision,Going straight,Getting off the vehicle improperly,Slight Injury
2024-03-10 18:00:00,Thursday,Residential areas,Double carriageway (median),Tangent road with flat terrain,No junction,Asphalt roads,Dry,Daylight,Normal,Collision with roadside objects,Reversing,Driving carelessly,Slight Injury
2024-03-10 15:05:00,Thursday,Church areas,Undivided Two way,Tangent road with flat terrain,Y Shape,Asphalt roads,Dry,Daylight,Normal,Vehicle with vehicle collision,Going straight,Changing lane to the left,Slight Injury
2024-03-10 13:40:00,Monday,Other,Two-way (divided with broken lines road marking),Tangent road with flat terrain,Y Shape,Asphalt roads,Dry,Daylight,Unknown,Vehicle with vehicle collision,Other,No priority to vehicle,Slight Injury
2024-03-10 13:40:00,Monday,Recreational areas,Two-way (divided with broken lines road marking),Tangent road with flat terrain,Y Shape,Asphalt roads,Dry,Daylight,Unknown,Vehicle with vehicle collision,Other,Changing lane to the right,Slight Injury
2024-03-10 22:50:00,Saturday,Industrial areas,Undivided Two way,Tangent road with mild grade and flat terrain,Other,Asphalt roads,Dry,Darkness - lights lit,Normal,Vehicle with vehicle collision,Going straight,No distancing,Slight Injury
2024-03-10 15:50:00,Saturday,Other,Two-way (divided with broken lines road marking),Tangent road with flat terrain,Y Shape,Asphalt roads,Dry,Daylight,Normal,Vehicle with vehicle collision,Going straight,No distancing,Serious Injury
2024-03-10 07:53:00,Friday,Other,other,Tangent road with flat terrain,Y Shape,Asphalt roads,Dry,Daylight,Normal,Vehicle with vehicle collision,Going straight,Changing lane to the left,Slight Injury
2024-03-10 07:53:00,Friday,Church areas,other,Tangent road with flat terrain,Y Shape,Asphalt roads,Dry,Daylight,Normal,Collision with pedestrians,Going straight,Changing lane to the right,Slight Injury
2024-03-10 22:00:00,Sunday,Church areas,Undivided Two way,Tangent road with flat terrain,No junction,Asphalt roads,Dry,Darkness - lights lit,Normal,Collision with roadside objects,Turnover,No priority to vehicle,Slight Injury
2024-03-10 22:00:00,Sunday,Other,Two-way (divided with broken lines road marking),Tangent road with flat terrain,No junction,Asphalt roads,Dry,Darkness - lights lit,Normal,Vehicle with vehicle collision,Entering a junction,Changing lane to the left,Slight Injury
2024-03-10 15:23:00,Saturday,Other,One way,Tangent road with flat terrain,No junction,Asphalt roads,Dry,Daylight,Normal,Vehicle with vehicle collision,Entering a junction,No priority to vehicle,Slight Injury
2024-03-10 15:23:00,Saturday,Recreational areas,Two-way (divided with broken lines road marking),Tangent road with flat terrain,No junction,Asphalt roads,Dry,Daylight,Normal,Vehicle with vehicle collision,Entering a junction,Moving Backward,Slight Injury
2024-03-10 18:00:00,Wednesday,Other,Undivided Two way,Tangent road with flat terrain,Y Shape,Asphalt roads,Dry,Daylight,Normal,Vehicle with vehicle collision,Entering a junction,Turnover,Slight Injury
2024-03-10 18:00:00,Wednesday,Office areas,Undivided Two way,Tangent road with flat terrain,Y Shape,Asphalt roads,Dry,Daylight,Normal,Vehicle with vehicle collision,Other,No distancing,Slight Injury
2024-03-10 17:43:00,Monday,Church areas,Two-way (divided with broken lines road marking),Tangent road with flat terrain,T Shape,Asphalt roads,Dry,Daylight,Normal,Vehicle with vehicle collision,Entering a junction,No distancing,Slight Injury
2024-03-10 17:43:00,Monday,Office areas,Two-way (divided with broken lines road marking),Tangent road with flat terrain,T Shape,Asphalt roads,Dry,Daylight,Normal,Vehicle with vehicle collision,Turnover,No distancing,Slight Injury
2024-03-10 15:40:00,Tuesday,Office areas,Undivided Two way,Tangent road with mountainous terrain and,No junction,Asphalt roads,Wet or damp,Daylight,Raining,Collision with roadside objects,Entering a junction,Changing lane to the left,Slight Injury
2024-03-10 15:12:00,Sunday,Other,Undivided Two way,Tangent road with flat terrain,No junction,Asphalt roads,Dry,Daylight,Normal,Collision with roadside objects,Entering a junction,No priority to vehicle,Slight Injury
2024-03-10 08:43:00,Friday,Residential areas,Two-way (divided with broken lines road marking),Tangent road with flat terrain,No junction,Asphalt roads,Wet or damp,Daylight,Normal,Vehicle with vehicle collision,Entering a junction,Driving at high speed,Slight Injury
2024-03-10 10:00:00,Tuesday,Office areas,Two-way (divided with broken lines road marking),Tangent road with mild grade and flat terrain,Y Shape,Asphalt roads,Dry,Daylight,Normal,Vehicle with vehicle collision,Entering a junction,Overtaking,Slight Injury
2024-03-10 14:25:00,Saturday,Residential areas,other,Tangent road with flat terrain,Unknown,Asphalt roads,Dry,Daylight,Normal,Vehicle with vehicle collision,Entering a junction,Other,Slight Injury
2024-03-10 14:25:00,Saturday,Residential areas,Two-way (divided with broken lines road marking),Tangent road with flat terrain,Unknown,Gravel roads,Dry,Daylight,Normal,Vehicle with vehicle collision,Other,Changing lane to the left,Slight Injury
2024-03-10 14:25:00,Saturday,Other,Double carriageway (median),Tangent road with flat terrain,Unknown,Asphalt roads,Dry,Daylight,Normal,Vehicle with vehicle collision,Going straight,No priority to pedestrian,Slight Injury
2024-03-10 14:25:00,Saturday,Hospital areas,One way,Tangent road with flat terrain,Unknown,Asphalt roads,Dry,Daylight,Normal,Rollover,Going straight,Changing lane to the left,Slight Injury
2024-03-10 09:30:00,Saturday,Other,Undivided Two way,Tangent road with flat terrain,No junction,Asphalt roads,Dry,Darkness - lights lit,Normal,Vehicle with vehicle collision,Other,No distancing,Slight Injury
2024-03-10 09:30:00,Saturday,Other,Undivided Two way,Tangent road with flat terrain,No junction,Asphalt roads,Dry,Darkness - lights lit,Normal,Collision with roadside objects,Going straight,Moving Backward,Slight Injury
2024-03-10 10:50:00,Saturday,Recreational areas,One way,Tangent road with mild grade and flat terrain,Y Shape,Asphalt roads,Dry,Daylight,Normal,Collision with pedestrians,Going straight,Changing lane to the left,Slight Injury
2024-03-10 10:50:00,Saturday,Other,Undivided Two way,Tangent road with flat terrain,Y Shape,Asphalt roads,Dry,Daylight,Normal,Vehicle with vehicle collision,Going straight,Other,Slight Injury
2024-03-10 19:15:00,Monday,Other,Undivided Two way,Tangent road with flat terrain,Y Shape,Asphalt roads,Wet or damp,Daylight,Raining,Vehicle with vehicle collision,Going straight,No distancing,Slight Injury
2024-03-10 19:15:00,Monday,Other,Undivided Two way,Tangent road with flat terrain,Y Shape,Asphalt roads,Wet or damp,Daylight,Raining,Vehicle with vehicle collision,Going straight,Moving Backward,Slight Injury
2024-03-10 13:57:00,Sunday,Office areas,Two-way (divided with broken lines road marking),Tangent road with flat terrain,Crossing,Asphalt roads,Dry,Daylight,Normal,Vehicle with vehicle collision,Reversing,No distancing,Slight Injury
2024-03-10 13:57:00,Sunday,Other,Two-way (divided with broken lines road marking),Tangent road with mild grade and flat terrain,Crossing,Asphalt roads with some distress,Dry,Daylight,Normal,Vehicle with vehicle collision,Moving Backward,Changing lane to the left,Slight Injury
2024-03-10 19:00:00,Tuesday,Residential areas,Two-way (divided with broken lines road marking),Tangent road with flat terrain,No junction,Asphalt roads,Dry,Daylight,Normal,Vehicle with vehicle collision,Overtaking,Changing lane to the left,Slight Injury
2024-03-10 19:00:00,Tuesday,Other,Undivided Two way,Tangent road with flat terrain,No junction,Asphalt roads,Dry,Daylight,Normal,Vehicle with vehicle collision,Going straight,No priority to pedestrian,Slight Injury
2024-03-10 19:00:00,Tuesday,Other,Undivided Two way,Tangent road with flat terrain,No junction,Asphalt roads,Dry,Daylight,Normal,Collision with roadside objects,Going straight,Changing lane to the left,Slight Injury
2024-03-10 19:00:00,Tuesday,Church areas,Undivided Two way,Tangent road with flat terrain,No junction,Asphalt roads,Dry,Daylight,Normal,Rollover,Going straight,Driving carelessly,Slight Injury
2024-03-10 19:00:00,Tuesday,Office areas,Undivided Two way,Tangent road with flat terrain,No junction,Asphalt roads,Dry,Daylight,Normal,Vehicle with vehicle collision,Going straight,Driving carelessly,Slight Injury
2024-03-10 19:00:00,Tuesday,School areas,other,Tangent road with flat terrain,No junction,Asphalt roads,Dry,Daylight,Normal,Collision with pedestrians,Going straight,No priority to pedestrian,Slight Injury
2024-03-10 21:15:00,Sunday,Other,Undivided Two way,Tangent road with flat terrain,No junction,Asphalt roads,Wet or damp,Darkness - lights lit,Normal,Vehicle with vehicle collision,Going straight,Getting off the vehicle improperly,Slight Injury
2024-03-10 21:15:00,Sunday,Office areas,Undivided Two way,Tangent road with flat terrain,No junction,Asphalt roads,Wet or damp,Darkness - lights lit,Normal,Vehicle with vehicle collision,Going straight,No distancing,Slight Injury
2024-03-10 21:25:00,Tuesday,Residential areas,other,Steep grade downward with mountainous terrain,No junction,Asphalt roads,Wet or damp,Darkness - no lighting,Raining,Collision with pedestrians,Going straight,Changing lane to the left,Serious Injury
2024-03-10 17:21:00,Friday,Industrial areas,One way,Tangent road with flat terrain,Y Shape,Asphalt roads,Dry,Daylight,Normal,Collision with pedestrians,Going straight,No priority to vehicle,Slight Injury
2024-03-10 17:21:00,Friday,Other,Undivided Two way,Tangent road with flat terrain,Y Shape,Asphalt roads,Dry,Daylight,Normal,Vehicle with vehicle collision,Going straight,No distancing,Slight Injury
2024-03-10 06:45:00,Friday,Residential areas,Undivided Two way,Tangent road with flat terrain,Unknown,Asphalt roads,Dry,Daylight,Normal,Vehicle with vehicle collision,Going straight,No priority to pedestrian,Slight Injury
2024-03-10 06:45:00,Friday,Recreational areas,Two-way (divided with broken lines road marking),Tangent road with flat terrain,Unknown,Asphalt roads,Dry,Daylight,Normal,Vehicle with vehicle collision,Other,No priority to pedestrian,Slight Injury
2024-03-10 15:18:00,Monday,Office areas,other,Tangent road with flat terrain,Crossing,Asphalt roads,Dry,Daylight,Normal,Vehicle with vehicle collision,Going straight,No priority to vehicle,Serious Injury
2024-03-10 14:45:00,Saturday,Outside rural areas,Two-way (divided with broken lines road marking),Tangent road with flat terrain,Y Shape,Asphalt roads,Dry,Daylight,Normal,Vehicle with vehicle collision,Moving Backward,Driving carelessly,Serious Injury
2024-03-10 14:45:00,Saturday,Outside rural areas,Two-way (divided with broken lines road marking),Tangent road with flat terrain,Y Shape,Asphalt roads,Dry,Daylight,Normal,Collision with roadside objects,Other,Changing lane to the right,Serious Injury
2024-03-10 15:47:00,Sunday,Outside rural areas,Undivided Two way,Tangent road with flat terrain,Y Shape,Asphalt roads,Dry,Daylight,Normal,Vehicle with vehicle collision,Going straight,Changing lane to the left,Serious Injury
2024-03-10 15:47:00,Sunday,Outside rural areas,Undivided Two way,Tangent road with flat terrain,Y Shape,Asphalt roads,Dry,Daylight,Normal,Vehicle with vehicle collision,Going straight,Moving Backward,Serious Injury
2024-03-10 08:00:00,Wednesday,Outside rural areas,other,Steep grade downward with mountainous terrain,Y Shape,Asphalt roads,Dry,Daylight,Normal,Vehicle with vehicle collision,Going straight,Driving carelessly,Slight Injury
2024-03-10 08:00:00,Wednesday,School areas,other,Steep grade downward with mountainous terrain,Y Shape,Asphalt roads,Dry,Daylight,Normal,Vehicle with vehicle collision,Going straight,Driving to the left,Slight Injury
2024-03-10 08:50:00,Tuesday,Outside rural areas,Two-way (divided with broken lines road marking),Tangent road with flat terrain,Y Shape,Asphalt roads,Dry,Daylight,Normal,Vehicle with vehicle collision,Going straight,Driving to the left,Slight Injury
2024-03-10 08:50:00,Tuesday,Outside rural areas,Undivided Two way,Tangent road with flat terrain,Y Shape,Asphalt roads,Dry,Daylight,Normal,Vehicle with vehicle collision,Going straight,No priority to pedestrian,Slight Injury
2024-03-10 08:50:00,Tuesday,Outside rural areas,Two-way (divided with broken lines road marking),Escarpments,Y Shape,Asphalt roads,Dry,Daylight,Normal,Vehicle with vehicle collision,Going straight,Changing lane to the left,Slight Injury
2024-03-10 09:00:00,Wednesday,Outside rural areas,Two-way (divided with broken lines road marking),Tangent road with mountainous terrain and,No junction,Asphalt roads,Wet or damp,Daylight,Raining,Vehicle with vehicle collision,Going straight,Changing lane to the right,Slight Injury
2024-03-10 09:00:00,Wednesday,Office areas,Undivided Two way,Tangent road with mountainous terrain and,No junction,Asphalt roads,Wet or damp,Daylight,Raining,Vehicle with vehicle collision,Going straight,Driving carelessly,Slight Injury
2024-03-10 08:47:00,Wednesday,Outside rural areas,Undivided Two way,Tangent road with mountainous terrain and,Y Shape,Asphalt roads,Wet or damp,Daylight,Raining,Vehicle with vehicle collision,Other,No distancing,Slight Injury
2024-03-10 06:45:00,Tuesday,Outside rural areas,Undivided Two way,Tangent road with mountainous terrain and,Y Shape,Asphalt roads,Dry,Daylight,Normal,Vehicle with vehicle collision,Reversing,Getting off the vehicle improperly,Slight Injury
2024-03-10 06:45:00,Tuesday,Outside rural areas,Undivided Two way,Tangent road with flat terrain,Y Shape,Asphalt roads,Dry,Daylight,Normal,Vehicle with vehicle collision,Other,Driving under the influence of drugs,Slight Injury
2024-03-10 08:36:00,Tuesday,Office areas,Undivided Two way,Tangent road with flat terrain,Y Shape,Asphalt roads,Dry,Daylight,Normal,Vehicle with vehicle collision,Other,Changing lane to the right,Slight Injury
2024-03-10 08:36:00,Tuesday,Recreational areas,Undivided Two way,Tangent road with flat terrain,Y Shape,Asphalt roads,Dry,Daylight,Normal,Vehicle with vehicle collision,Reversing,Driving carelessly,Slight Injury
2024-03-10 18:05:00,Sunday,Office areas,Undivided Two way,Tangent road with flat terrain,No junction,Asphalt roads,Dry,Daylight,Normal,Vehicle with vehicle collision,Going straight,Moving Backward,Slight Injury
2024-03-10 18:05:00,Sunday,Other,Two-way (divided with broken lines road marking),Tangent road with mild grade and flat terrain,No junction,Asphalt roads,Dry,Daylight,Normal,Collision with roadside objects,Going straight,Turnover,Slight Injury
2024-03-10 16:00:00,Saturday,Residential areas,Two-way (divided with broken lines road marking),Tangent road with flat terrain,Y Shape,Asphalt roads,Dry,Daylight,Normal,Vehicle with vehicle collision,Going straight,Changing lane to the right,Slight Injury
2024-03-10 16:00:00,Saturday,Residential areas,other,Tangent road with flat terrain,Y Shape,Asphalt roads,Dry,Daylight,Normal,Vehicle with vehicle collision,Going straight,Driving carelessly,Slight Injury
2024-03-10 08:45:00,Wednesday,Residential areas,Undivided Two way,Tangent road with flat terrain,Y Shape,Asphalt roads,Dry,Daylight,Normal,Vehicle with vehicle collision,Turnover,No priority to vehicle,Slight Injury
2024-03-10 08:45:00,Wednesday,Other,Undivided Two way,Tangent road with flat terrain,Y Shape,Asphalt roads,Dry,Daylight,Normal,Vehicle with vehicle collision,Going straight,Moving Backward,Slight Injury
2024-03-10 14:53:00,Wednesday,Office areas,Two-way (divided with broken lines road marking),Tangent road with flat terrain,O Shape,Asphalt roads,Wet or damp,Daylight,Raining,Collision with pedestrians,Going straight,Changing lane to the left,Slight Injury
2024-03-10 14:53:00,Wednesday,Other,Two-way (divided with broken lines road marking),Tangent road with flat terrain,O Shape,Asphalt roads,Wet or damp,Daylight,Raining,Vehicle with vehicle collision,Going straight,Overturning,Slight Injury
2024-03-10 14:53:00,Wednesday,Other,other,Tangent road with flat terrain,O Shape,Asphalt roads,Wet or damp,Daylight,Raining,Vehicle with vehicle collision,Going straight,No distancing,Slight Injury
2024-03-10 13:30:00,Saturday,Office areas,Two-way (divided with broken lines road marking),Tangent road with flat terrain,No junction,Asphalt roads,Dry,Daylight,Normal,Vehicle with vehicle collision,Going straight,Driving carelessly,Slight Injury
2024-03-10 13:30:00,Saturday,Church areas,other,Tangent road with flat terrain,No junction,Asphalt roads,Dry,Daylight,Normal,Vehicle with vehicle collision,Moving Backward,No distancing,Slight Injury
2024-03-10 13:30:00,Saturday,Other,Two-way (divided with broken lines road marking),Tangent road with flat terrain,No junction,Asphalt roads,Dry,Daylight,Normal,Vehicle with vehicle collision,Going straight,Changing lane to the left,Slight Injury
2024-03-10 12:15:00,Wednesday,Other,One way,Tangent road with flat terrain,No junction,Asphalt roads,Wet or damp,Daylight,Raining,Vehicle with vehicle collision,Going straight,No priority to pedestrian,Slight Injury
2024-03-10 12:15:00,Wednesday,Office areas,Double carriageway (median),Tangent road with flat terrain,No junction,Asphalt roads,Wet or damp,Daylight,Raining,Vehicle with vehicle collision,Turnover,No distancing,Slight Injury
2024-03-10 12:15:00,Wednesday,Office areas,One way,Tangent road with mild grade and flat terrain,No junction,Asphalt roads,Wet or damp,Daylight,Raining,Vehicle with vehicle collision,Going straight,No distancing,Slight Injury
2024-03-10 12:15:00,Wednesday,Office areas,Undivided Two way,Tangent road with flat terrain,No junction,Asphalt roads,Wet or damp,Daylight,Raining,Collision with pedestrians,Going straight,Changing lane to the left,Slight Injury
2024-03-10 12:15:00,Wednesday,Office areas,Double carriageway (median),Tangent road with flat terrain,No junction,Asphalt roads,Wet or damp,Daylight,Raining,Vehicle with vehicle collision,Going straight,No distancing,Slight Injury
2024-03-10 17:42:00,Thursday,Office areas,Undivided Two way,Tangent road with flat terrain,No junction,Asphalt roads,Dry,Daylight,Normal,Vehicle with vehicle collision,Going straight,No distancing,Slight Injury
2024-03-10 17:42:00,Thursday,Other,Double carriageway (median),Tangent road with flat terrain,No junction,Asphalt roads,Dry,Daylight,Normal,Vehicle with vehicle collision,Going straight,No distancing,Slight Injury
2024-03-10 17:42:00,Thursday,Other,Double carriageway (median),Tangent road with flat terrain,No junction,Asphalt roads,Dry,Daylight,Normal,Collision with roadside objects,Moving Backward,No distancing,Slight Injury
2024-03-10 17:42:00,Thursday,Other,Two-way (divided with broken lines road marking),Tangent road with flat terrain,No junction,Asphalt roads,Dry,Daylight,Normal,Vehicle with vehicle collision,Going straight,Changing lane to the left,Slight Injury
2024-03-10 13:17:00,Saturday,Office areas,Two-way (divided with broken lines road marking),Tangent road with flat terrain,Y Shape,Asphalt roads,Dry,Daylight,Normal,Vehicle with vehicle collision,Going straight,Changing lane to the right,Slight Injury
2024-03-10 13:17:00,Saturday,Office areas,Two-way (divided with broken lines road marking),Tangent road with flat terrain,Y Shape,Asphalt roads,Dry,Daylight,Normal,Vehicle with vehicle collision,Going straight,Moving Backward,Slight Injury
2024-03-10 13:17:00,Saturday,Office areas,Two-way (divided with broken lines road marking),Tangent road with flat terrain,Y Shape,Asphalt roads,Dry,Daylight,Normal,Vehicle with vehicle collision,Going straight,Changing lane to the right,Slight Injury
2024-03-10 18:55:00,Saturday,Office areas,Two-way (divided with broken lines road marking),Tangent road with flat terrain,Y Shape,Asphalt roads,Dry,Darkness - lights lit,Normal,Vehicle with vehicle collision,Moving Backward,No distancing,Slight Injury
2024-03-10 18:55:00,Saturday,Church areas,Undivided Two way,Tangent road with flat terrain,Y Shape,Asphalt roads,Dry,Darkness - lights lit,Normal,Vehicle with vehicle collision,Going straight,Overtaking,Slight Injury
2024-03-10 18:55:00,Saturday,Office areas,Two-way (divided with broken lines road marking),Tangent road with flat terrain,Y Shape,Asphalt roads,Dry,Darkness - lights lit,Normal,Vehicle with vehicle collision,Other,Other,Slight Injury
2024-03-10 16:12:00,Saturday,Residential areas,Two-way (divided with broken lines road marking),Tangent road with flat terrain,Crossing,Asphalt roads,Wet or damp,Daylight,Other,Collision with roadside objects,Other,Other,Slight Injury
2024-03-10 16:12:00,Saturday,School areas,Two-way (divided with broken lines road marking),Tangent road with flat terrain,Crossing,Asphalt roads,Wet or damp,Daylight,Other,Vehicle with vehicle collision,Going straight,Changing lane to the right,Slight Injury
2024-03-10 10:29:00,Wednesday,Office areas,Undivided Two way,Tangent road with flat terrain,Unknown,Asphalt roads,Wet or damp,Daylight,Normal,Vehicle with vehicle collision,Going straight,No priority to pedestrian,Slight Injury
2024-03-10 10:29:00,Wednesday,Other,Undivided Two way,Tangent road with flat terrain,Unknown,Asphalt roads,Wet or damp,Daylight,Normal,Vehicle with vehicle collision,Going straight,No priority to vehicle,Slight Injury
2024-03-10 10:55:00,Sunday,Other,Double carriageway (median),Tangent road with flat terrain,No junction,Asphalt roads,Dry,Daylight,Normal,Vehicle with vehicle collision,Going straight,Changing lane to the left,Slight Injury
2024-03-10 10:55:00,Sunday,Other,Double carriageway (median),Tangent road with flat terrain,No junction,Asphalt roads,Dry,Daylight,Normal,Rollover,Other,Changing lane to the left,Slight Injury
2024-03-10 10:55:00,Sunday,Other,Two-way (divided with broken lines road marking),Tangent road with flat terrain,No junction,Asphalt roads with some distress,Dry,Daylight,Normal,Vehicle with vehicle collision,Going straight,Overtaking,Slight Injury
2024-03-10 20:57:00,Sunday,Office areas,Double carriageway (median),Tangent road with mild grade and flat terrain,Y Shape,Asphalt roads,Dry,Darkness - lights lit,Normal,Vehicle with vehicle collision,Getting off,No distancing,Slight Injury
2024-03-10 20:57:00,Sunday,Office areas,Two-way (divided with broken lines road marking),Tangent road with flat terrain,Y Shape,Asphalt roads,Dry,Darkness - lights lit,Normal,Collision with roadside objects,Going straight,No priority to vehicle,Slight Injury
2024-03-10 20:57:00,Sunday,Office areas,Double carriageway (median),Tangent road with mild grade and flat terrain,Y Shape,Asphalt roads,Dry,Darkness - lights lit,Normal,Vehicle with vehicle collision,Going straight,Changing lane to the right,Slight Injury
2024-03-10 13:30:00,Tuesday,Office areas,One way,Tangent road with flat terrain,Y Shape,Gravel roads,Dry,Daylight,Normal,Vehicle with vehicle collision,Going straight,No distancing,Slight Injury
2024-03-10 13:30:00,Tuesday,Office areas,Two-way (divided with broken lines road marking),Tangent road with flat terrain,Y Shape,Asphalt roads,Dry,Daylight,Normal,Collision with roadside objects,Going straight,Driving carelessly,Slight Injury
2024-03-10 07:25:00,Thursday,Office areas,Two-way (divided with broken lines road marking),Tangent road with flat terrain,T Shape,Asphalt roads,Dry,Daylight,Normal,Collision with roadside objects,Going straight,No priority to pedestrian,Slight Injury
2024-03-10 07:25:00,Thursday,Other,Undivided Two way,Tangent road with flat terrain,T Shape,Asphalt roads,Dry,Daylight,Normal,Vehicle with vehicle collision,Moving Backward,Driving carelessly,Slight Injury