Time,Day_of_week,Area_accident_occured,Lanes_or_Medians,Road_allignment,Types_of_Junction,Road_surface_type,Road_surface_conditions,Light_conditions,Weather_conditions,Type_of_collision,Vehicle_movement,Cause_of_accident,Accident_severity
2024-03-10 13:34:00,Friday,Office areas,Two-way (divided with broken lines road marking),Tangent road with flat terrain,Other,Asphalt roads,Wet or damp,Daylight,Normal,Vehicle with vehicle collision,Other,Getting off the vehicle improperly,Serious Injury
2024-03-10 08:20:00,Tuesday,Residential areas,Two-way (divided with broken lines road marking),Tangent road with flat terrain,No junction,Asphalt roads,Dry,Daylight,Normal,Vehicle with vehicle collision,Other,Overtaking,Slight Injury
2024-03-10 18:20:00,Monday,Other,Two-way (divided with broken lines road marking),Tangent road with flat terrain,Y Shape,Asphalt roads,Dry,Darkness - lights lit,Normal,Vehicle with vehicle collision,Going straight,Overloading,Slight Injury
2024-03-10 18:20:00,Monday,Residential areas,Two-way (divided with broken lines road marking),Tangent road with flat terrain,Y Shape,Asphalt roads,Dry,Darkness - lights lit,Normal,Collision with roadside objects,Going straight,Changing lane to the right,Slight Injury
2024-03-10 11:45:00,Tuesday,Other,Undivided Two way,Tangent road with flat terrain,Crossing,Asphalt roads,Dry,Daylight,Normal,Vehicle with vehicle collision,Getting off,Improper parking,Slight Injury
2024-03-10 11:45:00,Tuesday,Residential areas,Double carriageway (median),Tangent road with flat terrain,Crossing,Other,Dry,Daylight,Normal,Vehicle with vehicle collision,Going straight,Other,Slight Injury
2024-03-10 06:25:00,Wednesday,Office areas,Two-way (divided with broken lines road marking),Tangent road with flat terrain,No junction,Asphalt roads,Dry,Daylight,Normal,Vehicle with vehicle collision,Going straight,Changing lane to the left,Serious Injury
2024-03-10 06:25:00,Wednesday,Office areas,Two-way (divided with broken lines road marking),Tangent road with mild grade and flat terrain,No junction,Asphalt roads,Dry,Daylight,Normal,Vehicle with vehicle collision,Going straight,Changing lane to the right,Serious Injury
2024-03-10 13:55:00,Wednesday,Office areas,Double carriageway (median),Tangent road with flat terrain,T Shape,Asphalt roads,Dry,Daylight,Unknown,Vehicle with vehicle collision,Going straight,No priority to pedestrian,Serious Injury
2024-03-10 13:55:00,Wednesday,Recreational areas,Two-way (divided with broken lines road marking),Tangent road with flat terrain,T Shape,Asphalt roads,Dry,Daylight,Unknown,Collision with pedestrians,Going straight,Overspeed,Serious Injury
2024-03-10 09:30:00,Wednesday,Other,Two-way (divided with broken lines road marking),Tangent road with flat terrain,Y Shape,Asphalt roads,Dry,Daylight,Unknown,Vehicle with vehicle collision,Getting off,Changing lane to the left,Slight Injury
2024-03-10 09:30:00,Wednesday,Other,other,Tangent road with flat terrain,Y Shape,Asphalt roads,Dry,Daylight,Unknown,Vehicle with vehicle collision,Going straight,No priority to vehicle,Slight Injury
2024-03-10 13:00:00,Friday,Other,Two-way (divided with broken lines road marking),Tangent road with flat terrain,Y Shape,Asphalt roads,Wet or damp,Daylight,Raining,Collision with roadside objects,Going straight,Changing lane to the right,Slight Injury
2024-03-10 13:00:00,Friday,Other,Double carriageway (median),Tangent road with flat terrain,Y Shape,Earth roads,Wet or damp,Daylight,Raining,Vehicle with vehicle collision,Other,No distancing,Slight Injury
2024-03-10 01:29:00,Sunday,Other,Undivided Two way,Tangent road with mountainous terrain and,No junction,Asphalt roads,Dry,Darkness - lights lit,Normal,Vehicle with vehicle collision,Going straight,No priority to pedestrian,Slight Injury
2024-03-10 01:29:00,Sunday,Office areas,Two-way (divided with broken lines road marking),Tangent road with flat terrain,No junction,Asphalt roads,Dry,Darkness - lights lit,Normal,Collision with pedestrians,Going straight,No distancing,Slight Injury
2024-03-10 01:29:00,Sunday,Office areas,Two-way (divided with broken lines road marking),Tangent road with flat terrain,No junction,Asphalt roads,Dry,Darkness - lights lit,Normal,Vehicle with vehicle collision,Going straight,No priority to vehicle,Slight Injury
2024-03-10 08:29:00,Friday,Office areas,One way,Tangent road with flat terrain,Y Shape,Asphalt roads,Dry,Daylight,Normal,Vehicle with vehicle collision,Going straight,Other,Slight Injury
2024-03-10 12:00:00,Tuesday,Residential areas,Double carriageway (median),Tangent road with flat terrain,No junction,Asphalt roads,Dry,Daylight,Normal,Collision with pedestrians,Going straight,Driving carelessly,Slight Injury
2024-03-10 12:00:00,Tuesday,Recreational areas,Two-way (divided with broken lines road marking),Tangent road with flat terrain,No junction,Asphalt roads,Dry,Daylight,Normal,Collision with pedestrians,Reversing,Changing lane to the left,Slight Injury
2024-03-10 10:23:00,Thursday,Church areas,Double carriageway (median),Tangent road with flat terrain,Y Shape,Asphalt roads,Dry,Daylight,Normal,Collision with pedestrians,Other,Driving carelessly,Serious Injury
2024-03-10 10:23:00,Thursday,Office areas,Undivided Two way,Tangent road with flat terrain,Y Shape,Asphalt roads,Dry,Daylight,Normal,Collision with roadside objects,Going straight,Changing lane to the left,Serious Injury
2024-03-10 14:00:00,Sunday,Other,Two-way (divided with broken lines road marking),Tangent road with flat terrain,Unknown,Asphalt roads,Dry,Daylight,Normal,Vehicle with vehicle collision,Going straight,No priority to vehicle,Slight Injury
2024-03-10 14:00:00,Sunday,Residential areas,other,Steep grade downward with mountainous terrain,Unknown,Asphalt roads,Dry,Daylight,Normal,Vehicle with vehicle collision,Going straight,No distancing,Slight Injury
2024-03-10 14:00:00,Sunday,School areas,other,Tangent road with flat terrain,Unknown,Asphalt roads,Dry,Daylight,Normal,Vehicle with vehicle collision,Going straight,Changing lane to the right,Slight Injury
2024-03-10 14:00:00,Sunday,Office areas,Two-way (divided with broken lines road marking),Tangent road with flat terrain,Unknown,Asphalt roads,Dry,Daylight,Normal,Vehicle with vehicle collision,Going straight,Changing lane to the right,Slight Injury
2024-03-10 12:14:00,Tuesday,Other,other,Tangent road with flat terrain,Crossing,Asphalt roads,Dry,Daylight,Normal,Vehicle with vehicle collision,Going straight,Driving at high speed,Slight Injury
2024-03-10 17:15:00,Tuesday,Other,Two-way (divided with broken lines road marking),Tangent road with flat terrain,No junction,Asphalt roads,Dry,Daylight,Unknown,Vehicle with vehicle collision,Going straight,No distancing,Slight Injury
2024-03-10 14:30:00,Saturday,Office areas,Two-way (divided with broken lines road marking),Tangent road with mountainous terrain and,Y Shape,Asphalt roads,Dry,Daylight,Normal,Collision with pedestrians,Going straight,Changing lane to the right,Slight Injury
2024-03-10 14:30:00,Saturday,Office areas,Two-way (divided with broken lines road marking),Tangent road with flat terrain,Y Shape,Earth roads,Dry,Daylight,Normal,Collision with roadside objects,Going straight,Changing lane to the left,Slight Injury
2024-03-10 14:30:00,Saturday,Other,Undivided Two way,Tangent road with flat terrain,Y Shape,Asphalt roads,Dry,Daylight,Normal,Vehicle with vehicle collision,Moving Backward,Getting off the vehicle improperly,Slight Injury
2024-03-10 18:32:00,Saturday,Office areas,Two-way (divided with broken lines road marking),Tangent road with flat terrain,No junction,,Dry,Daylight,Normal,Vehicle with vehicle collision,Moving Backward,Other,Slight Injury
2024-03-10 16:00:00,Saturday,Industrial areas,Two-way (divided with broken lines road marking),Tangent road with flat terrain,No junction,Asphalt roads,Dry,Daylight,Unknown,Vehicle with vehicle collision,Turnover,Other,Serious Injury
2024-03-10 16:02:00,Sunday,Office areas,Undivided Two way,Tangent road with flat terrain,No junction,Asphalt roads,Dry,Daylight,Normal,Vehicle with vehicle collision,Other,No distancing,Slight Injury
2024-03-10 16:02:00,Sunday,Other,Undivided Two way,Tangent road with flat terrain,No junction,Asphalt roads,Dry,Daylight,Normal,With Train,Other,No priority to vehicle,Slight Injury
2024-03-10 06:09:00,Wednesday,Other,Two-way (divided with broken lines road marking),Tangent road with flat terrain,No junction,Asphalt roads,Dry,Daylight,Normal,Vehicle with vehicle collision,Going straight,Overtaking,Serious Injury
2024-03-10 06:09:00,Wednesday,Office areas,Two-way (divided with broken lines road marking),Tangent road with flat terrain,No junction,Asphalt roads,Dry,Daylight,Normal,Vehicle with vehicle collision,Going straight,No priority to pedestrian,Serious Injury
2024-03-10 15:10:00,Monday,Church areas,other,Tangent road with flat terrain,Unknown,Asphalt roads,Wet or damp,Daylight,Normal,Vehicle with vehicle collision,Other,No distancing,Slight Injury
2024-03-10 15:10:00,Monday,Office areas,other,Tangent road with flat terrain,Unknown,Asphalt roads,Wet or damp,Daylight,Normal,Vehicle with vehicle collision,Other,Changing lane to the right,Slight Injury
2024-03-10 15:10:00,Monday,Residential areas,other,Tangent road with flat terrain,Unknown,Asphalt roads,Wet or damp,Daylight,Normal,Vehicle with vehicle collision,Going straight,Driving carelessly,Slight Injury
2024-03-10 19:02:00,Thursday,Recreational areas,Two-way (divided with broken lines road marking),Tangent road with flat terrain,Y Shape,Asphalt roads,Wet or damp,Daylight,Raining,Vehicle with vehicle collision,Reversing,Changing lane to the right,Slight Injury
2024-03-10 19:02:00,Thursday,Other,other,Tangent road with flat terrain,Y Shape,Gravel roads,Wet or damp,Daylight,Raining,Vehicle with vehicle collision,Other,Overtaking,Slight Injury
2024-03-10 15:33:00,Sunday,Church areas,Undivided Two way,Tangent road with flat terrain,No junction,Asphalt roads,Dry,Daylight,Normal,Vehicle with vehicle collision,Turnover,Other,Serious Injury
2024-03-10 15:33:00,Sunday,Other,One way,Tangent road with flat terrain,No junction,Asphalt roads,Dry,Daylight,Normal,Vehicle with vehicle collision,Going straight,Driving to the left,Serious Injury
2024-03-10 18:28:00,Tuesday,Other,Two-way (divided with broken lines road marking),Tangent road with flat terrain,Y Shape,Asphalt roads,Dry,Daylight,Normal,Collision with pedestrians,Going straight,Driving at high speed,Slight Injury
2024-03-10 18:28:00,Tuesday,Church areas,Undivided Two way,Tangent road with flat terrain,Y Shape,Asphalt roads,Dry,Daylight,Normal,Collision with roadside objects,Going straight,Unknown,Slight Injury
2024-03-10 15:22:00,Monday,Office areas,Two-way (divided with broken lines road marking),Tangent road with mild grade and flat terrain,Y Shape,Asphalt roads,Dry,Daylight,Normal,Collision with roadside objects,Going straight,Changing lane to the right,Slight Injury
2024-03-10 22:20:00,Sunday,Office areas,Double carriageway (median),Tangent road with flat terrain,No junction,Asphalt roads,Dry,Darkness - lights lit,Normal,Vehicle with vehicle collision,Going straight,No distancing,Slight Injury
2024-03-10 22:20:00,Sunday,Church areas,Two-way (divided with broken lines road marking),Tangent road with flat terrain,No junction,Asphalt roads,Dry,Darkness - lights lit,Normal,Vehicle with vehicle collision,Going straight,Other,Slight Injury
2024-03-10 22:20:00,Sunday,Other,Undivided Two way,Tangent road with mountainous terrain and,No junction,Asphalt roads,Dry,Darkness - lights lit,Normal,Vehicle with vehicle collision,Going straight,No priority to vehicle,Slight Injury
2024-03-10 22:20:00,Sunday,Other,Undivided Two way,Tangent road with flat terrain,No junction,Asphalt roads,Dry,Darkness - lights lit,Normal,Vehicle with vehicle collision,Going straight,Changing lane to the left,Slight Injury
2024-03-10 08:10:00,Monday,Church areas,Undivided Two way,Tangent road with flat terrain,Other,Asphalt roads,Dry,Daylight,Unknown,Vehicle with vehicle collision,Going straight,No priority to pedestrian,Slight Injury
2024-03-10 08:10:00,Monday,Industrial areas,Two-way (divided with broken lines road marking),Tangent road with mild grade and flat terrain,Other,Asphalt roads,Dry,Daylight,Unknown,Collision with roadside objects,Other,Overtaking,Slight Injury
2024-03-10 08:10:00,Monday,Office areas,Undivided Two way,Tangent road with flat terrain,Other,Asphalt roads,Dry,Daylight,Unknown,Vehicle with vehicle collision,Going straight,Driving carelessly,Slight Injury
2024-03-10 16:38:00,Thursday,School areas,Undivided Two way,Tangent road with flat terrain,No junction,Asphalt roads,Dry,Daylight,Normal,Vehicle with vehicle collision,Going straight,No priority to vehicle,Slight Injury
2024-03-10 07:20:00,Thursday,Other,Undivided Two way,Tangent road with flat terrain,Crossing,Asphalt roads,Dry,Daylight,Unknown,Vehicle with vehicle collision,Moving Backward,No priority to pedestrian,Slight Injury
2024-03-10 07:20:00,Thursday,Church areas,One way,Tangent road with flat terrain,Crossing,Asphalt roads,Dry,Daylight,Unknown,Vehicle with vehicle collision,Going straight,Changing lane to the right,Slight Injury
2024-03-10 09:13:00,Saturday,Office areas,Undivided Two way,Tangent road with flat terrain,No junction,Asphalt roads,Dry,Daylight,Normal,Vehicle with vehicle collision,Moving Backward,Driving carelessly,Slight Injury
2024-03-10 09:13:00,Saturday,Other,other,Steep grade downward with mountainous terrain,No junction,Asphalt roads,Dry,Daylight,Normal,Vehicle with vehicle collision,Other,Changing lane to the right,Slight Injury
2024-03-10 17:55:00,Thursday,Other,other,Tangent road with flat terrain,No junction,Other,Dry,Daylight,Normal,Collision with pedestrians,Going straight,Changing lane to the right,Slight Injury
2024-03-10 17:55:00,Thursday,Other,Two-way (divided with broken lines road marking),Tangent road with flat terrain,No junction,Asphalt roads,Dry,Daylight,Normal,Collision with pedestrians,Reversing,Changing lane to the left,Slight Injury
2024-03-10 17:55:00,Thursday,Other,One way,Tangent road with flat terrain,No junction,Asphalt roads,Dry,Daylight,Normal,Collision with roadside objects,Going straight,Overturning,Slight Injury
2024-03-10 20:08:00,Sunday,Church areas,Two-way (divided with broken lines road marking),Tangent road with mild grade and flat terrain,No junction,Asphalt roads,Dry,Darkness - lights lit,Unknown,Collision with pedestrians,Other,Driving carelessly,Slight Injury
2024-03-10 20:08:00,Sunday,Residential areas,Two-way (divided with broken lines road marking),Tangent road with flat terrain,No junction,Asphalt roads,Dry,Darkness - lights lit,Unknown,Vehicle with vehicle collision,Other,No distancing,Slight Injury
2024-03-10 15:30:00,Thursday,Office areas,Two-way (divided with broken lines road marking),Tangent road with mild grade and flat terrain,No junction,Asphalt roads,Dry,Daylight,Normal,Vehicle with vehicle collision,Other,Driving carelessly,Slight Injury
2024-03-10 15:30:00,Thursday,Other,Two-way (divided with broken lines road marking),Tangent road with flat terrain,No junction,Asphalt roads,Dry,Daylight,Normal,Vehicle with vehicle collision,Stopping,Changing lane to the left,Slight Injury
2024-03-10 15:30:00,Thursday,Office areas,Two-way (divided with broken lines road marking),Tangent road with mild grade and flat terrain,No junction,Asphalt roads,Dry,Daylight,Normal,Collision with roadside objects,Other,No priority to vehicle,Slight Injury
2024-03-10 15:30:00,Thursday,Other,Two-way (divided with broken lines road marking),Tangent road with flat terrain,No junction,Other,Dry,Daylight,Normal,Collision with roadside objects,Other,Changing lane to the right,Slight Injury
2024-03-10 15:30:00,Thursday,Church areas,Undivided Two way,Tangent road with flat terrain,No junction,Asphalt roads,Dry,Daylight,Normal,Vehicle with vehicle collision,Other,No distancing,Slight Injury
2024-03-10 15:30:00,Thursday,Office areas,Two-way (divided with broken lines road marking),Tangent road with flat terrain,No junction,Asphalt roads,Dry,Daylight,Normal,Vehicle with vehicle collision,Going straight,Moving Backward,Slight Injury
2024-03-10 13:28:00,Sunday,Other,Two-way (divided with broken lines road marking),Tangent road with flat terrain,Y Shape,Asphalt roads,Wet or damp,Daylight,Raining,Vehicle with vehicle collision,Going straight,Moving Backward,Slight Injury
2024-03-10 13:28:00,Sunday,Other,Two-way (divided with broken lines road marking),Tangent road with flat terrain,Y Shape,Asphalt roads,Wet or damp,Daylight,Raining,Vehicle with vehicle collision,Going straight,No distancing,Slight Injury
2024-03-10 20:15:00,Thursday,School areas,Two-way (divided with broken lines road marking),Tangent road with flat terrain,No junction,Asphalt roads,Dry,Darkness - lights lit,Normal,Vehicle with vehicle collision,Going straight,No distancing,Slight Injury
2024-03-10 20:15:00,Thursday,Church areas,Double carriageway (median),Tangent road with mild grade and flat terrain,No junction,Asphalt roads,Dry,Darkness - lights lit,Normal,Vehicle with vehicle collision,Going straight,No distancing,Slight Injury
2024-03-10 16:00:00,Friday,School areas,Undivided Two way,Tangent road with flat terrain,No junction,Asphalt roads,Dry,Daylight,Normal,Vehicle with vehicle collision,Going straight,No priority to pedestrian,Slight Injury
2024-03-10 16:00:00,Friday,Residential areas,Double carriageway (median),Tangent road with flat terrain,No junction,Asphalt roads,Dry,Daylight,Normal,Vehicle with vehicle collision,Going straight,Driving carelessly,Slight Injury
2024-03-10 09:50:00,Tuesday,Office areas,Two-way (divided with broken lines road marking),Tangent road with flat terrain,Y Shape,Asphalt roads,Dry,Daylight,Cloudy,Vehicle with vehicle collision,Going straight,Changing lane to the right,Slight Injury
2024-03-10 09:50:00,Tuesday,Office areas,Undivided Two way,Tangent road with flat terrain,Y Shape,Other,Dry,Daylight,Cloudy,Collision with roadside objects,Going straight,Changing lane to the left,Slight Injury
2024-03-10 08:20:00,Friday,Church areas,Two-way (divided with broken lines road marking),Tangent road with flat terrain,Y Shape,Asphalt roads,Dry,Daylight,Cloudy,Collision with roadside objects,Going straight,Driving carelessly,Serious Injury
2024-03-10 21:35:00,Tuesday,Residential areas,Undivided Two way,Tangent road with flat terrain,No junction,Asphalt roads,Dry,Darkness - no lighting,Normal,Collision with pedestrians,Going straight,Driving carelessly,Slight Injury
2024-03-10 21:35:00,Tuesday,Office areas,other,Tangent road with flat terrain,No junction,Asphalt roads,Dry,Darkness - no lighting,Normal,Vehicle with vehicle collision,Reversing,No distancing,Slight Injury
2024-03-10 21:35:00,Tuesday,Residential areas,One way,Tangent road with flat terrain,No junction,Asphalt roads,Dry,Darkness - no lighting,Normal,Vehicle with vehicle collision,Going straight,Other,Slight Injury
2024-03-10 21:35:00,Tuesday,Other,Two-way (divided with broken lines road marking),Tangent road with flat terrain,No junction,Asphalt roads with some distress,Dry,Darkness - no lighting,Normal,Vehicle with vehicle collision,Other,Changing lane to the right,Slight Injury
2024-03-10 21:35:00,Tuesday,Other,Two-way (divided with broken lines road marking),Tangent road with flat terrain,No junction,Asphalt roads,Dry,Darkness - no lighting,Normal,Vehicle with vehicle collision,Going straight,Changing lane to the right,Slight Injury
2024-03-10 13:10:00,Wednesday,Residential areas,Two-way (divided with broken lines road marking),Tangent road with flat terrain,No junction,Asphalt roads,Dry,Daylight,Normal,Vehicle with vehicle collision,Getting off,No distancing,Slight Injury
2024-03-10 13:10:00,Wednesday,Industrial areas,Undivided Two way,Tangent road with flat terrain,No junction,Asphalt roads,Dry,Daylight,Normal,Vehicle with vehicle collision,Going straight,No distancing,Slight Injury
2024-03-10 15:10:00,Thursday,Other,Undivided Two way,Steep grade downward with mountainous terrain,Y Shape,Asphalt roads,Dry,Daylight,Normal,Vehicle with vehicle collision,Going straight,Overturning,Slight Injury
2024-03-10 19:30:00,Tuesday,Office areas,Undivided Two way,Tangent road with flat terrain,Y Shape,Asphalt roads,Dry,Darkness - lights lit,Normal,Vehicle with vehicle collision,Going straight,Driving at high speed,Serious Injury
2024-03-10 19:30:00,Tuesday,Other,Two-way (divided with broken lines road marking),Tangent road with mountainous terrain and,Y Shape,Earth roads,Dry,Darkness - lights lit,Normal,Vehicle with vehicle collision,Going straight,No priority to vehicle,Serious Injury
2024-03-10 17:45:00,Wednesday,Other,Undivided Two way,Tangent road with flat terrain,Y Shape,Asphalt roads,Dry,Daylight,Normal,Collision with pedestrians,Turnover,No priority to pedestrian,Slight Injury
2024-03-10 17:45:00,Wednesday,Other,Two-way (divided with broken lines road marking),Tangent road with flat terrain,Y Shape,Asphalt roads,Dry,Daylight,Normal,Collision with pedestrians,Entering a junction,No priority to vehicle,Slight Injury
2024-03-10 15:55:00,Friday,Other,Double carriageway (median),Tangent road with flat terrain,No junction,Asphalt roads,Dry,Daylight,Normal,Vehicle with vehicle collision,Entering a junction,Other,Slight Injury
2024-03-10 07:40:00,Monday,Office areas,Undivided Two way,Tangent road with flat terrain,No junction,Asphalt roads,Wet or damp,Daylight,Raining,Vehicle with vehicle collision,Entering a junction,Other,Slight Injury
2024-03-10 07:40:00,Monday,Other,Two-way (divided with broken lines road marking),Tangent road with flat terrain,No junction,Asphalt roads,Wet or damp,Daylight,Raining,Vehicle with vehicle collision,Entering a junction,Moving Backward,Slight Injury
2024-03-10 14:30:00,Thursday,Other,Two-way (divided with broken lines road marking),Tangent road with flat terrain,Y Shape,Asphalt roads,Wet or damp,Daylight,Raining,Vehicle with vehicle collision,Entering a junction,Moving Backward,Slight Injury
2024-03-10 18:06:00,Saturday,Other,other,Steep grade downward with mountainous terrain,Y Shape,Asphalt roads,Dry,Daylight,Normal,Vehicle with vehicle collision,Turnover,No priority to vehicle,Slight Injury
2024-03-10 18:06:00,Saturday,Office areas,Undivided Two way,Tangent road with flat terrain,Y Shape,Asphalt roads,Dry,Daylight,Normal,Vehicle with vehicle collision,Entering a junction,Driving carelessly,Slight Injury
2024-03-10 20:27:00,Sunday,Office areas,One way,Tangent road with flat terrain,Y Shape,Asphalt roads,Wet or damp,Darkness - lights lit,Normal,Vehicle with vehicle collision,Entering a junction,No distancing,Slight Injury
2024-03-10 20:27:00,Sunday,Church areas,other,Tangent road with flat terrain,Y Shape,Asphalt roads,Wet or damp,Darkness - lights lit,Normal,Vehicle with vehicle collision,Entering a junction,Other,Slight Injury
2024-03-10 20:27:00,Sunday,Office areas,Double carriageway (median),Tangent road with flat terrain,Y Shape,Gravel roads,Wet or damp,Darkness - lights lit,Normal,Vehicle with vehicle collision,Entering a junction,Changing lane to the right,Slight Injury
2024-03-10 20:27:00,Sunday,Office areas,other,Tangent road with flat terrain,Y Shape,Asphalt roads,Wet or damp,Darkness - lights lit,Normal,Vehicle with vehicle collision,Entering a junction,No distancing,Slight Injury
2024-03-10 13:25:00,Thursday,Office areas,Two-way (divided with broken lines road marking),Tangent road with flat terrain,Y Shape,Asphalt roads,Dry,Daylight,Normal,Vehicle with vehicle collision,Other,Driving carelessly,Slight Injury
2024-03-10 22:20:00,Thursday,Office areas,One way,Tangent road with flat terrain,No junction,Asphalt roads,Dry,Darkness - no lighting,Normal,Vehicle with vehicle collision,Going straight,No distancing,Slight Injury
2024-03-10 16:35:00,Friday,Residential areas,Undivided Two way,Tangent road with flat terrain,No junction,Asphalt roads,Dry,Daylight,Normal,Vehicle with vehicle collision,Going straight,No priority to vehicle,Slight Injury
2024-03-10 16:35:00,Friday,Residential areas,other,Tangent road with flat terrain,No junction,Asphalt roads,Dry,Daylight,Normal,Vehicle with vehicle collision,Other,Changing lane to the right,Slight Injury
2024-03-10 08:22:00,Saturday,Residential areas,Undivided Two way,Tangent road with flat terrain,No junction,Asphalt roads,Dry,Daylight,Normal,Vehicle with vehicle collision,Going straight,No priority to pedestrian,Slight Injury
2024-03-10 08:22:00,Saturday,Office areas,Double carriageway (median),Tangent road with flat terrain,No junction,Asphalt roads,Dry,Daylight,Normal,Vehicle with vehicle collision,Going straight,No priority to vehicle,Slight Injury
2024-03-10 16:00:00,Tuesday,Residential areas,Two-way (divided with broken lines road marking),Steep grade downward with mountainous terrain,No junction,Asphalt roads,Dry,Daylight,Normal,Vehicle with vehicle collision,Going straight,Changing lane to the left,Slight Injury
2024-03-10 16:00:00,Tuesday,Other,Two-way (divided with broken lines road marking),Tangent road with flat terrain,No junction,Asphalt roads,Dry,Daylight,Normal,Vehicle with vehicle collision,Going straight,Turnover,Slight Injury
2024-03-10 02:13:00,Saturday,Other,Two-way (divided with broken lines road marking),Tangent road with flat terrain,Other,Asphalt roads,Dry,Darkness - lights lit,Other,Vehicle with vehicle collision,Going straight,Driving to the left,Slight Injury
2024-03-10 02:13:00,Saturday,Other,Two-way (divided with broken lines road marking),Tangent road with flat terrain,Other,Asphalt roads,Dry,Darkness - lights lit,Other,Vehicle with vehicle collision,Reversing,Driving carelessly,Slight Injury
2024-03-10 20:10:00,Sunday,School areas,Double carriageway (median),Tangent road with flat terrain,Other,Asphalt roads,Wet or damp,Daylight,Normal,Collision with roadside objects,Moving Backward,Driving to the left,Slight Injury
2024-03-10 20:10:00,Sunday,School areas,Double carriageway (median),Tangent road with flat terrain,Other,Asphalt roads,Wet or damp,Daylight,Normal,Collision with roadside objects,Overtaking,Driving carelessly,Slight Injury
2024-03-10 23:53:00,Thursday,School areas,Undivided Two way,Tangent road with flat terrain,Y Shape,Asphalt roads,Dry,Darkness - no lighting,Normal,Vehicle with vehicle collision,Going straight,No priority to pedestrian,Slight Injury
2024-03-10 23:53:00,Thursday,Residential areas,One way,Tangent road with flat terrain,Y Shape,Asphalt roads,Dry,Darkness - no lighting,Normal,Vehicle with vehicle collision,Going straight,Driving carelessly,Slight Injury
2024-03-10 11:30:00,Wednesday,Other,Undivided Two way,Tangent road with flat terrain,Y Shape,Asphalt roads,Dry,Daylight,Normal,Vehicle with vehicle collision,Going straight,Changing lane to the right,Slight Injury
2024-03-10 11:30:00,Wednesday,Office areas,Two-way (divided with broken lines road marking),Tangent road with flat terrain,Y Shape,Asphalt roads,Dry,Daylight,Normal,Vehicle with vehicle collision,Reversing,Moving Backward,Slight Injury
2024-03-10 09:15:00,Tuesday,Other,Two-way (divided with broken lines road marking),Tangent road with flat terrain,No junction,Asphalt roads,Dry,Daylight,Cloudy,Collision with roadside objects,Going straight,Driving carelessly,Slight Injury
2024-03-10 09:15:00,Tuesday,School areas,Undivided Two way,Tangent road with flat terrain,No junction,Asphalt roads,Dry,Daylight,Cloudy,Vehicle with vehicle collision,Going straight,Changing lane to the right,Slight Injury
2024-03-10 08:38:00,Tuesday,Other,Double carriageway (median),Tangent road with flat terrain,No junction,Asphalt roads,Dry,Daylight,Normal,Collision with roadside objects,Going straight,Driving carelessly,Slight Injury
2024-03-10 13:00:00,Thursday,Industrial areas,Two-way (divided with broken lines road marking),Tangent road with flat terrain,No junction,Asphalt roads,Dry,Daylight,Normal,Collision with roadside objects,Going straight,Driving carelessly,Slight Injury
2024-03-10 13:00:00,Thursday,Other,Two-way (divided with broken lines road marking),Tangent road with flat terrain,No junction,Other,Dry,Daylight,Normal,Collision with pedestrians,Reversing,Driving carelessly,Slight Injury
2024-03-10 08:00:00,Thursday,Office areas,Two-way (divided with broken lines road marking),Tangent road with flat terrain,No junction,Asphalt roads,Dry,Daylight,Normal,Vehicle with vehicle collision,Going straight,Changing lane to the right,Slight Injury
2024-03-10 08:00:00,Thursday,Other,Two-way (divided with broken lines road marking),Tangent road with flat terrain,No junction,Asphalt roads,Dry,Daylight,Normal,Collision with roadside objects,Going straight,Changing lane to the right,Slight Injury
2024-03-10 13:13:00,Wednesday,Other,Two-way (divided with broken lines road marking),Tangent road with flat terrain,No junction,Asphalt roads,Dry,Daylight,Normal,Vehicle with vehicle collision,Other,Driving carelessly,Slight Injury
2024-03-10 13:13:00,Wednesday,Outside rural areas,Undivided Two way,Tangent road with flat terrain,No junction,Asphalt roads,Dry,Daylight,Normal,Vehicle with vehicle collision,Entering a junction,Overtaking,Slight Injury
2024-03-10 17:51:00,Tuesday,Other,other,Tangent road with flat terrain,No junction,Asphalt roads,Dry,Daylight,Normal,Vehicle with vehicle collision,Turnover,Changing lane to the right,Slight Injury
2024-03-10 17:51:00,Tuesday,Residential areas,Two-way (divided with broken lines road marking),Tangent road with flat terrain,No junction,Asphalt roads,Dry,Daylight,Normal,Vehicle with vehicle collision,Going straight,No distancing,Slight Injury
2024-03-10 15:50:00,Monday,Office areas,Two-way (divided with broken lines road marking),Tangent road with flat terrain,No junction,Asphalt roads,Dry,Daylight,Normal,Vehicle with vehicle collision,Going straight,Other,Slight Injury
2024-03-10 15:50:00,Monday,Office areas,Double carriageway (median),Tangent road with flat terrain,No junction,Asphalt roads,Dry,Daylight,Normal,Vehicle with vehicle collision,Going straight,Changing lane to the right,Slight Injury
2024-03-10 15:50:00,Monday,Hospital areas,One way,Tangent road with flat terrain,No junction,Asphalt roads,Dry,Daylight,Normal,Collision with roadside objects,Going straight,Changing lane to the right,Slight Injury