Time,Day_of_week,Area_accident_occured,Lanes_or_Medians,Road_allignment,Types_of_Junction,Road_surface_type,Road_surface_conditions,Light_conditions,Weather_conditions,Type_of_collision,Vehicle_movement,Cause_of_accident,Accident_severity
2024-03-10 22:24:00,Thursday,Market areas,Undivided Two way,Tangent road with flat terrain,Other,Asphalt roads,Dry,Darkness - lights lit,Normal,Vehicle with vehicle collision,Other,Driving carelessly,Serious Injury
2024-03-10 18:30:00,Thursday,Other,Two-way (divided with broken lines road marking),Tangent road with flat terrain,No junction,Asphalt roads,Dry,Daylight,Normal,Collision with pedestrians,Getting off,Moving Backward,Serious Injury
2024-03-10 16:55:00,Friday,Other,Two-way (divided with broken lines road marking),Tangent road with flat terrain,No junction,Asphalt roads,Dry,Daylight,Normal,Rollover,Going straight,Driving carelessly,Slight Injury
2024-03-10 16:55:00,Friday,Industrial areas,Two-way (divided with broken lines road marking),Tangent road with flat terrain,No junction,Asphalt roads,Dry,Daylight,Normal,Vehicle with vehicle collision,Going straight,No priority to vehicle,Slight Injury
2024-03-10 16:55:00,Friday,Other,Two-way (divided with broken lines road marking),Tangent road with flat terrain,No junction,Asphalt roads,Dry,Daylight,Normal,Rollover,Going straight,Changing lane to the right,Slight Injury
2024-03-10 16:40:00,Wednesday,Office areas,other,Tangent road with flat terrain,No junction,Asphalt roads,Dry,Daylight,Normal,Vehicle with vehicle collision,Other,Changing lane to the left,Slight Injury
2024-03-10 21:51:00,Friday,Office areas,Two-way (divided with broken lines road marking),Tangent road with flat terrain,Y Shape,Asphalt roads,Dry,Darkness - lights lit,Normal,Vehicle with vehicle collision,Moving Backward,Driving carelessly,Slight Injury
2024-03-10 21:51:00,Friday,Office areas,Undivided Two way,Tangent road with flat terrain,Y Shape,Asphalt roads,Dry,Darkness - lights lit,Normal,Fall from vehicles,Other,Moving Backward,Slight Injury
2024-03-10 21:51:00,Friday,Other,other,Tangent road with flat terrain,Y Shape,Asphalt roads,Dry,Darkness - lights lit,Normal,Vehicle with vehicle collision,Going straight,No distancing,Slight Injury
2024-03-10 21:51:00,Friday,Other,other,Tangent road with flat terrain,Y Shape,Asphalt roads,Dry,Darkness - lights lit,Normal,Collision with roadside objects,Going straight,Changing lane to the left,Slight Injury
2024-03-10 19:40:00,Friday,Other,Undivided Two way,Tangent road with flat terrain,Crossing,Asphalt roads,Dry,Daylight,Normal,Vehicle with vehicle collision,Going straight,Changing lane to the left,Slight Injury
2024-03-10 19:40:00,Friday,Other,other,Tangent road with flat terrain,Crossing,Asphalt roads,Dry,Daylight,Normal,Vehicle with vehicle collision,Going straight,No distancing,Slight Injury
2024-03-10 10:30:00,Monday,Residential areas,Undivided Two way,Tangent road with flat terrain,No junction,Asphalt roads,Dry,Daylight,Normal,Vehicle with vehicle collision,Going straight,Changing lane to the left,Slight Injury
2024-03-10 10:30:00,Monday,Church areas,Undivided Two way,Tangent road with flat terrain,No junction,Asphalt roads,Dry,Daylight,Normal,Collision with pedestrians,Going straight,Driving carelessly,Slight Injury
2024-03-10 17:30:00,Wednesday,Office areas,Double carriageway (median),Tangent road with flat terrain,T Shape,Asphalt roads,Dry,Darkness - lights lit,Normal,Vehicle with vehicle collision,Going straight,Changing lane to the left,Slight Injury
2024-03-10 17:30:00,Wednesday,Church areas,other,Tangent road with flat terrain,X Shape,Asphalt roads,Dry,Darkness - lights lit,Normal,Vehicle with vehicle collision,Going straight,No distancing,Slight Injury
2024-03-10 16:00:00,Tuesday,Other,Two-way (divided with broken lines road marking),Tangent road with flat terrain,Y Shape,Earth roads,Dry,Daylight,Normal,Vehicle with vehicle collision,Going straight,Changing lane to the right,Slight Injury
2024-03-10 16:00:00,Tuesday,School areas,other,Steep grade downward with mountainous terrain,Y Shape,Asphalt roads,Dry,Daylight,Normal,Collision with roadside objects,Going straight,Driving to the left,Slight Injury
2024-03-10 17:50:00,Thursday,Office areas,Two-way (divided with broken lines road marking),Tangent road with mild grade and flat terrain,No junction,Other,Dry,Daylight,Normal,Vehicle with vehicle collision,Going straight,No distancing,Slight Injury
2024-03-10 17:50:00,Thursday,Other,other,Steep grade downward with mountainous terrain,No junction,Asphalt roads,Dry,Daylight,Normal,Vehicle with vehicle collision,Going straight,Overtaking,Slight Injury
2024-03-10 19:47:00,Sunday,Office areas,Undivided Two way,Tangent road with flat terrain,Crossing,Asphalt roads,Dry,Daylight,Normal,Collision with roadside objects,Going straight,Driving under the influence of drugs,Slight Injury
2024-03-10 19:47:00,Sunday,Other,Undivided Two way,Tangent road with flat terrain,Crossing,Asphalt roads,Dry,Daylight,Normal,Vehicle with vehicle collision,Going straight,No priority to pedestrian,Slight Injury
2024-03-10 16:10:00,Monday,Other,Two-way (divided with broken lines road marking),Tangent road with flat terrain,Y Shape,Asphalt roads,Dry,Daylight,Normal,Vehicle with vehicle collision,Going straight,Moving Backward,Slight Injury
2024-03-10 16:10:00,Monday,Office areas,Undivided Two way,Tangent road with flat terrain,Y Shape,Asphalt roads,Dry,Daylight,Normal,Vehicle with vehicle collision,Going straight,Changing lane to the right,Slight Injury
2024-03-10 16:10:00,Monday,Other,Double carriageway (median),Tangent road with flat terrain,Y Shape,Asphalt roads,Dry,Daylight,Normal,Rollover,Going straight,Changing lane to the left,Slight Injury
2024-03-10 08:24:00,Monday,Church areas,other,Tangent road with flat terrain,Y Shape,Asphalt roads,Dry,Daylight,Normal,Rollover,Going straight,Changing lane to the right,Slight Injury
2024-03-10 08:24:00,Monday,Office areas,Two-way (divided with broken lines road marking),Tangent road with flat terrain,Y Shape,Asphalt roads,Dry,Daylight,Normal,Collision with pedestrians,Going straight,Driving under the influence of drugs,Slight Injury
2024-03-10 08:24:00,Monday,Office areas,Two-way (divided with broken lines road marking),Tangent road with flat terrain,Y Shape,Asphalt roads,Dry,Daylight,Normal,Vehicle with vehicle collision,Turnover,No priority to vehicle,Slight Injury
2024-03-10 10:40:00,Wednesday,Other,Undivided Two way,Tangent road with mountainous terrain and,No junction,Asphalt roads,Dry,Daylight,Unknown,Vehicle with vehicle collision,Moving Backward,No priority to vehicle,Slight Injury
2024-03-10 10:40:00,Wednesday,Residential areas,Undivided Two way,Tangent road with flat terrain,No junction,Asphalt roads,Dry,Daylight,Unknown,Vehicle with vehicle collision,Going straight,Changing lane to the left,Slight Injury
2024-03-10 10:40:00,Wednesday,Residential areas,Undivided Two way,Tangent road with flat terrain,No junction,Asphalt roads,Dry,Daylight,Unknown,Collision with pedestrians,Going straight,Changing lane to the right,Slight Injury
2024-03-10 10:40:00,Wednesday,Other,other,Tangent road with flat terrain,No junction,Asphalt roads,Dry,Daylight,Unknown,Vehicle with vehicle collision,Going straight,Changing lane to the left,Slight Injury
2024-03-10 14:23:00,Wednesday,Office areas,Double carriageway (median),Steep grade downward with mountainous terrain,Y Shape,Asphalt roads,Dry,Daylight,Normal,Vehicle with vehicle collision,Moving Backward,Changing lane to the left,Slight Injury
2024-03-10 14:23:00,Wednesday,School areas,Double carriageway (median),Tangent road with flat terrain,Y Shape,Asphalt roads,Dry,Daylight,Normal,Vehicle with vehicle collision,Going straight,Getting off the vehicle improperly,Slight Injury
2024-03-10 06:40:00,Tuesday,Other,Two-way (divided with broken lines road marking),Steep grade downward with mountainous terrain,Crossing,Asphalt roads,Wet or damp,Daylight,Normal,Collision with roadside objects,Going straight,Overtaking,Slight Injury
2024-03-10 06:40:00,Tuesday,Other,Two-way (divided with broken lines road marking),Tangent road with rolling terrain,Crossing,Asphalt roads,Wet or damp,Daylight,Normal,Vehicle with vehicle collision,Going straight,Changing lane to the left,Slight Injury
2024-03-10 09:21:00,Wednesday,Church areas,Two-way (divided with broken lines road marking),Tangent road with flat terrain,Crossing,Asphalt roads,Dry,Daylight,Normal,Collision with roadside objects,Other,Driving under the influence of drugs,Slight Injury
2024-03-10 09:21:00,Wednesday,Office areas,Two-way (divided with broken lines road marking),Tangent road with mild grade and flat terrain,Crossing,Asphalt roads,Dry,Daylight,Normal,Vehicle with vehicle collision,Other,Driving carelessly,Slight Injury
2024-03-10 21:23:00,Monday,Other,Two-way (divided with broken lines road marking),Tangent road with mild grade and flat terrain,No junction,Gravel roads,Wet or damp,Daylight,Normal,Vehicle with vehicle collision,Going straight,Moving Backward,Slight Injury
2024-03-10 21:23:00,Monday,Residential areas,Double carriageway (median),Tangent road with flat terrain,No junction,Asphalt roads,Wet or damp,Daylight,Normal,Collision with roadside objects,Reversing,No distancing,Slight Injury
2024-03-10 19:50:00,Tuesday,Office areas,Two-way (divided with broken lines road marking),Tangent road with flat terrain,No junction,Asphalt roads,Wet or damp,Darkness - lights lit,Raining,Vehicle with vehicle collision,Going straight,No priority to vehicle,Slight Injury
2024-03-10 19:50:00,Tuesday,Office areas,Undivided Two way,Tangent road with flat terrain,No junction,Asphalt roads,Wet or damp,Darkness - lights lit,Raining,Vehicle with vehicle collision,Going straight,Overturning,Slight Injury
2024-03-10 19:20:00,Sunday,Office areas,Two-way (divided with broken lines road marking),Tangent road with flat terrain,Crossing,Asphalt roads,Dry,Daylight,Normal,Collision with roadside objects,Going straight,Changing lane to the left,Slight Injury
2024-03-10 19:20:00,Sunday,Church areas,Two-way (divided with broken lines road marking),Tangent road with flat terrain,Crossing,Asphalt roads,Dry,Daylight,Normal,Collision with roadside objects,Going straight,No distancing,Slight Injury
2024-03-10 13:05:00,Friday,Office areas,Two-way (divided with broken lines road marking),Tangent road with flat terrain,No junction,Asphalt roads,Dry,Daylight,Unknown,Vehicle with vehicle collision,Moving Backward,Moving Backward,Slight Injury
2024-03-10 13:05:00,Friday,Office areas,Two-way (divided with broken lines road marking),Tangent road with mild grade and flat terrain,No junction,Asphalt roads,Dry,Daylight,Unknown,Vehicle with vehicle collision,Going straight,No priority to vehicle,Slight Injury
2024-03-10 13:05:00,Friday,Office areas,Two-way (divided with broken lines road marking),Tangent road with mild grade and flat terrain,No junction,Asphalt roads,Dry,Daylight,Unknown,Vehicle with vehicle collision,Going straight,No priority to vehicle,Slight Injury
2024-03-10 18:35:00,Sunday,Office areas,Two-way (divided with broken lines road marking),Tangent road with flat terrain,Crossing,Asphalt roads,Dry,Daylight,Normal,Vehicle with vehicle collision,Going straight,No distancing,Slight Injury
2024-03-10 18:35:00,Sunday,Other,Two-way (divided with broken lines road marking),Tangent road with flat terrain,Crossing,Asphalt roads,Dry,Daylight,Normal,Vehicle with vehicle collision,Going straight,No distancing,Slight Injury
2024-03-10 19:10:00,Saturday,Residential areas,Double carriageway (median),Tangent road with flat terrain,Y Shape,Asphalt roads,Dry,Daylight,Normal,Vehicle with vehicle collision,Going straight,Overtaking,Slight Injury
2024-03-10 19:10:00,Saturday,Church areas,Undivided Two way,Tangent road with flat terrain,Y Shape,Asphalt roads,Dry,Daylight,Normal,Vehicle with vehicle collision,Moving Backward,Driving under the influence of drugs,Slight Injury
2024-03-10 16:45:00,Wednesday,Other,Two-way (divided with broken lines road marking),Tangent road with flat terrain,No junction,Asphalt roads,Dry,Daylight,Cloudy,Vehicle with vehicle collision,Going straight,Changing lane to the right,Slight Injury
2024-03-10 16:45:00,Wednesday,Recreational areas,Two-way (divided with broken lines road marking),Tangent road with flat terrain,No junction,Asphalt roads,Dry,Daylight,Cloudy,Vehicle with vehicle collision,Going straight,Changing lane to the left,Slight Injury
2024-03-10 18:18:00,Wednesday,Residential areas,Undivided Two way,Tangent road with flat terrain,Other,Asphalt roads,Dry,Daylight,Normal,Vehicle with vehicle collision,Moving Backward,Driving carelessly,Slight Injury
2024-03-10 18:18:00,Wednesday,Office areas,Undivided Two way,Tangent road with flat terrain,Other,Asphalt roads,Dry,Daylight,Normal,Vehicle with vehicle collision,Moving Backward,Moving Backward,Slight Injury
2024-03-10 13:35:00,Tuesday,Recreational areas,other,Tangent road with flat terrain,Y Shape,Asphalt roads,Dry,Daylight,Normal,Vehicle with vehicle collision,Going straight,Moving Backward,Slight Injury
2024-03-10 13:35:00,Tuesday,Office areas,other,Tangent road with mild grade and flat terrain,Y Shape,Gravel roads,Dry,Daylight,Normal,Vehicle with vehicle collision,Turnover,Changing lane to the right,Slight Injury
2024-03-10 10:30:00,Monday,Industrial areas,other,Tangent road with flat terrain,No junction,Asphalt roads,Dry,Daylight,Normal,Vehicle with vehicle collision,Turnover,No priority to vehicle,Slight Injury
2024-03-10 16:55:00,Monday,Residential areas,Undivided Two way,Tangent road with flat terrain,Other,Asphalt roads,Dry,Daylight,Normal,Vehicle with vehicle collision,Going straight,Driving under the influence of drugs,Slight Injury
2024-03-10 16:55:00,Monday,Residential areas,other,Tangent road with flat terrain,Other,Asphalt roads,Dry,Daylight,Normal,Vehicle with vehicle collision,Going straight,Changing lane to the right,Slight Injury
2024-03-10 16:55:00,Monday,Industrial areas,other,Tangent road with flat terrain,Other,Asphalt roads,Dry,Daylight,Normal,Vehicle with vehicle collision,Going straight,Driving carelessly,Slight Injury
2024-03-10 16:55:00,Monday,Residential areas,Undivided Two way,Tangent road with flat terrain,Other,Asphalt roads,Dry,Daylight,Normal,Collision with roadside objects,Going straight,No distancing,Slight Injury
2024-03-10 16:55:00,Monday,Residential areas,other,Tangent road with flat terrain,Other,Asphalt roads,Dry,Daylight,Normal,Vehicle with vehicle collision,Going straight,Changing lane to the left,Slight Injury
2024-03-10 16:55:00,Monday,Office areas,Undivided Two way,Tangent road with flat terrain,Other,Asphalt roads,Dry,Daylight,Normal,Collision with pedestrians,Getting off,No distancing,Slight Injury
2024-03-10 15:30:00,Tuesday,Office areas,Double carriageway (median),Escarpments,Crossing,Asphalt roads,Dry,Daylight,Normal,Vehicle with vehicle collision,Moving Backward,No distancing,Slight Injury
2024-03-10 15:30:00,Tuesday,Office areas,other,Tangent road with flat terrain,Crossing,Asphalt roads,Dry,Daylight,Normal,Collision with roadside objects,Other,Getting off the vehicle improperly,Slight Injury
2024-03-10 15:30:00,Tuesday,Office areas,Undivided Two way,Escarpments,Crossing,Asphalt roads,Dry,Daylight,Normal,Vehicle with vehicle collision,Going straight,Overtaking,Slight Injury
2024-03-10 19:45:00,Tuesday,Office areas,One way,Tangent road with flat terrain,No junction,Asphalt roads,Dry,Darkness - lights lit,Other,Vehicle with vehicle collision,Going straight,Driving carelessly,Slight Injury
2024-03-10 19:45:00,Tuesday,Office areas,Undivided Two way,Tangent road with flat terrain,No junction,Asphalt roads,Dry,Darkness - lights lit,Other,Vehicle with vehicle collision,Going straight,Driving under the influence of drugs,Slight Injury
2024-03-10 13:54:00,Friday,Office areas,other,Tangent road with flat terrain,Y Shape,Asphalt roads,Dry,Daylight,Normal,Vehicle with vehicle collision,Going straight,Moving Backward,Slight Injury
2024-03-10 13:54:00,Friday,Residential areas,other,Tangent road with flat terrain,Y Shape,Asphalt roads,Dry,Daylight,Normal,Vehicle with vehicle collision,Going straight,Overturning,Slight Injury
2024-03-10 16:40:00,Sunday,Residential areas,One way,Tangent road with flat terrain,Y Shape,Asphalt roads,Wet or damp,Daylight,Normal,Rollover,Going straight,Driving under the influence of drugs,Slight Injury
2024-03-10 16:40:00,Sunday,Other,One way,Tangent road with flat terrain,Y Shape,Asphalt roads,Wet or damp,Daylight,Normal,Collision with roadside objects,Going straight,Changing lane to the right,Slight Injury
2024-03-10 16:40:00,Sunday,Church areas,Undivided Two way,Tangent road with flat terrain,Y Shape,Asphalt roads,Wet or damp,Daylight,Normal,Vehicle with vehicle collision,Going straight,Changing lane to the left,Slight Injury
2024-03-10 00:20:00,Friday,Recreational areas,other,Tangent road with flat terrain,Y Shape,Asphalt roads,Dry,Darkness - lights lit,Normal,Collision with roadside objects,Going straight,No distancing,Slight Injury
2024-03-10 00:20:00,Friday,Industrial areas,Undivided Two way,Tangent road with flat terrain,Y Shape,Asphalt roads,Dry,Darkness - lights lit,Normal,Vehicle with vehicle collision,Going straight,No distancing,Slight Injury
2024-03-10 00:20:00,Friday,Residential areas,other,Tangent road with flat terrain,Y Shape,Asphalt roads,Dry,Darkness - lights lit,Normal,Vehicle with vehicle collision,Going straight,No priority to vehicle,Slight Injury
2024-03-10 00:20:00,Saturday,Residential areas,other,Tangent road with rolling terrain,No junction,Asphalt roads,Dry,Darkness - lights lit,Normal,Vehicle with vehicle collision,Going straight,Moving Backward,Slight Injury
2024-03-10 00:20:00,Saturday,Office areas,Double carriageway (median),Tangent road with flat terrain,No junction,Asphalt roads,Dry,Darkness - lights lit,Normal,Vehicle with vehicle collision,Moving Backward,Moving Backward,Slight Injury
2024-03-10 07:10:00,Wednesday,Market areas,Undivided Two way,Tangent road with flat terrain,No junction,Asphalt roads,Wet or damp,Daylight,Raining and Windy,Vehicle with vehicle collision,Going straight,Getting off the vehicle improperly,Slight Injury
2024-03-10 07:10:00,Wednesday,Unknown,other,Tangent road with flat terrain,No junction,Asphalt roads,Wet or damp,Daylight,Raining and Windy,Collision with roadside objects,Moving Backward,Changing lane to the left,Slight Injury
2024-03-10 07:10:00,Wednesday,Industrial areas,other,Tangent road with flat terrain,No junction,Asphalt roads,Wet or damp,Daylight,Raining and Windy,Vehicle with vehicle collision,Moving Backward,Changing lane to the left,Slight Injury
2024-03-10 03:15:00,Sunday,Residential areas,Two-way (divided with solid lines road marking),Tangent road with flat terrain,Crossing,Asphalt roads,Dry,Darkness - lights lit,Normal,Collision with roadside objects,Going straight,No priority to vehicle,Slight Injury
2024-03-10 13:13:00,Thursday,Residential areas,Undivided Two way,Tangent road with flat terrain,No junction,Asphalt roads,Dry,Daylight,Unknown,Vehicle with vehicle collision,Going straight,Changing lane to the right,Slight Injury
2024-03-10 13:13:00,Thursday,Other,Undivided Two way,Tangent road with flat terrain,No junction,Asphalt roads,Dry,Daylight,Unknown,Vehicle with vehicle collision,Going straight,Changing lane to the right,Slight Injury
2024-03-10 21:48:00,Monday,Residential areas,other,Tangent road with flat terrain,Other,Asphalt roads,Dry,Darkness - lights lit,Normal,Vehicle with vehicle collision,Going straight,Driving carelessly,Slight Injury
2024-03-10 21:48:00,Monday,Rural village areas,Undivided Two way,Gentle horizontal curve,Other,Asphalt roads,Dry,Darkness - lights lit,Normal,Vehicle with vehicle collision,Going straight,Changing lane to the left,Slight Injury
2024-03-10 13:12:00,Saturday,Rural village areas,Undivided Two way,Gentle horizontal curve,No junction,Asphalt roads,Dry,Daylight,Normal,Vehicle with vehicle collision,Going straight,Changing lane to the right,Slight Injury
2024-03-10 13:12:00,Saturday,Office areas,Double carriageway (median),Tangent road with flat terrain,No junction,Asphalt roads,Dry,Daylight,Normal,Vehicle with vehicle collision,Going straight,Driving under the influence of drugs,Slight Injury
2024-03-10 14:52:00,Monday,Residential areas,Undivided Two way,Gentle horizontal curve,No junction,Asphalt roads,Dry,Daylight,Normal,Vehicle with vehicle collision,Other,Driving carelessly,Serious Injury
2024-03-10 14:52:00,Monday,Residential areas,other,Tangent road with flat terrain,No junction,Asphalt roads,Dry,Daylight,Normal,Vehicle with vehicle collision,Going straight,No distancing,Serious Injury
2024-03-10 18:39:00,Wednesday,Outside rural areas,other,Tangent road with flat terrain,No junction,Asphalt roads,Dry,Daylight,Normal,Vehicle with vehicle collision,Going straight,No priority to vehicle,Slight Injury
2024-03-10 18:39:00,Wednesday,Residential areas,other,Tangent road with flat terrain,No junction,Asphalt roads,Dry,Daylight,Normal,Vehicle with vehicle collision,Overtaking,No priority to vehicle,Slight Injury
2024-03-10 19:45:00,Saturday,Church areas,other,Tangent road with flat terrain,Y Shape,Asphalt roads,Wet or damp,Daylight,Windy,Vehicle with vehicle collision,Reversing,No priority to vehicle,Slight Injury
2024-03-10 19:45:00,Saturday,Office areas,Undivided Two way,Tangent road with flat terrain,Y Shape,Asphalt roads,Wet or damp,Daylight,Windy,Rollover,Going straight,Changing lane to the left,Slight Injury
2024-03-10 19:45:00,Saturday,Office areas,Two-way (divided with broken lines road marking),Tangent road with mountainous terrain and,Y Shape,Asphalt roads,Wet or damp,Daylight,Windy,Collision with roadside objects,Other,Moving Backward,Slight Injury
2024-03-10 19:45:00,Saturday,Office areas,Two-way (divided with broken lines road marking),Escarpments,Y Shape,Asphalt roads,Wet or damp,Daylight,Windy,Vehicle with vehicle collision,Moving Backward,Driving carelessly,Slight Injury
2024-03-10 14:57:00,Friday,Other,Undivided Two way,Tangent road with mountainous terrain and,Other,Asphalt roads,Dry,Daylight,Normal,Vehicle with vehicle collision,Going straight,Driving under the influence of drugs,Slight Injury
2024-03-10 14:57:00,Friday,Other,Undivided Two way,Tangent road with flat terrain,Other,Asphalt roads,Dry,Daylight,Normal,Collision with roadside objects,Other,Changing lane to the right,Slight Injury
2024-03-10 21:43:00,Friday,Residential areas,Two-way (divided with broken lines road marking),Tangent road with flat terrain,No junction,Asphalt roads,Dry,Darkness - lights lit,Normal,Vehicle with vehicle collision,Moving Backward,No priority to vehicle,Slight Injury
2024-03-10 21:43:00,Friday,Other,Two-way (divided with broken lines road marking),Tangent road with flat terrain,No junction,Asphalt roads,Dry,Darkness - lights lit,Normal,Vehicle with vehicle collision,Going straight,Changing lane to the right,Slight Injury
2024-03-10 16:45:00,Monday,Other,Undivided Two way,Tangent road with mild grade and flat terrain,Y Shape,Asphalt roads,Dry,Daylight,Normal,Vehicle with vehicle collision,Going straight,Driving to the left,Slight Injury
2024-03-10 17:53:00,Sunday,Other,Two-way (divided with broken lines road marking),Tangent road with flat terrain,No junction,Asphalt roads,Dry,Daylight,Normal,Rollover,Moving Backward,Moving Backward,Slight Injury
2024-03-10 17:53:00,Sunday,Other,Undivided Two way,Tangent road with flat terrain,No junction,Asphalt roads,Dry,Daylight,Normal,Rollover,Going straight,No priority to vehicle,Slight Injury
2024-03-10 18:25:00,Wednesday,Other,Double carriageway (median),Tangent road with mild grade and flat terrain,Crossing,Asphalt roads,Dry,Daylight,Normal,Collision with pedestrians,Getting off,No distancing,Slight Injury
2024-03-10 18:25:00,Wednesday,Other,Two-way (divided with broken lines road marking),Tangent road with flat terrain,Crossing,Asphalt roads,Dry,Daylight,Normal,Vehicle with vehicle collision,Going straight,Driving carelessly,Slight Injury
2024-03-10 18:25:00,Wednesday,Church areas,Two-way (divided with broken lines road marking),Tangent road with flat terrain,Crossing,Asphalt roads,Dry,Daylight,Normal,Vehicle with vehicle collision,Going straight,Changing lane to the left,Slight Injury
2024-03-10 12:00:00,Saturday,Other,Undivided Two way,Tangent road with flat terrain,Crossing,Asphalt roads,Dry,Daylight,Normal,Vehicle with vehicle collision,Moving Backward,No priority to vehicle,Slight Injury
2024-03-10 12:00:00,Saturday,Industrial areas,Two-way (divided with broken lines road marking),Tangent road with flat terrain,Crossing,Asphalt roads,Dry,Daylight,Normal,Collision with pedestrians,Going straight,No priority to vehicle,Slight Injury
2024-03-10 12:00:00,Saturday,Residential areas,Double carriageway (median),Tangent road with flat terrain,Crossing,Asphalt roads,Dry,Daylight,Normal,Collision with pedestrians,Going straight,No distancing,Slight Injury
2024-03-10 18:29:00,Thursday,Other,Two-way (divided with broken lines road marking),Tangent road with flat terrain,No junction,Asphalt roads,Dry,Daylight,Normal,Vehicle with vehicle collision,Going straight,Driving to the left,Slight Injury
2024-03-10 18:29:00,Thursday,Office areas,Two-way (divided with broken lines road marking),Tangent road with flat terrain,No junction,Asphalt roads,Dry,Daylight,Normal,Vehicle with vehicle collision,Going straight,Driving carelessly,Slight Injury
2024-03-10 18:29:00,Thursday,Industrial areas,Unknown,Tangent road with flat terrain,No junction,Asphalt roads,Dry,Daylight,Normal,Vehicle with vehicle collision,Going straight,Driving carelessly,Slight Injury
2024-03-10 18:29:00,Thursday,Industrial areas,Double carriageway (median),Tangent road with flat terrain,No junction,Asphalt roads,Dry,Daylight,Normal,Collision with roadside objects,Moving Backward,Changing lane to the right,Slight Injury
2024-03-10 08:45:00,Wednesday,Other,Two-way (divided with broken lines road marking),Tangent road with flat terrain,No junction,Asphalt roads,Dry,Daylight,Normal,Vehicle with vehicle collision,Going straight,Driving carelessly,Slight Injury
2024-03-10 08:45:00,Wednesday,Hospital areas,Two-way (divided with broken lines road marking),Tangent road with flat terrain,No junction,Asphalt roads,Dry,Daylight,Normal,Collision with roadside objects,Going straight,Changing lane to the left,Slight Injury
2024-03-10 14:10:00,Monday,Office areas,One way,Tangent road with flat terrain,Y Shape,Asphalt roads,Wet or damp,Daylight,Normal,Vehicle with vehicle collision,Moving Backward,Driving carelessly,Slight Injury
2024-03-10 14:10:00,Monday,Church areas,Undivided Two way,Tangent road with flat terrain,Y Shape,Asphalt roads,Wet or damp,Daylight,Normal,Vehicle with vehicle collision,Moving Backward,Driving carelessly,Slight Injury
2024-03-10 14:10:00,Monday,Hospital areas,Undivided Two way,Tangent road with mountainous terrain and,Y Shape,Asphalt roads,Wet or damp,Daylight,Normal,Collision with roadside objects,Going straight,Driving under the influence of drugs,Slight Injury
2024-03-10 17:59:00,Friday,Office areas,other,Tangent road with flat terrain,No junction,Asphalt roads,Dry,Daylight,Normal,Vehicle with vehicle collision,Going straight,Driving carelessly,Slight Injury
2024-03-10 07:19:00,Wednesday,Other,Two-way (divided with broken lines road marking),Escarpments,Y Shape,Asphalt roads,Dry,Daylight,Normal,Vehicle with vehicle collision,Going straight,No distancing,Serious Injury
2024-03-10 07:19:00,Wednesday,Office areas,Undivided Two way,Tangent road with flat terrain,Y Shape,Asphalt roads,Dry,Daylight,Normal,Collision with roadside objects,Going straight,Driving carelessly,Serious Injury
2024-03-10 15:10:00,Friday,Office areas,Two-way (divided with broken lines road marking),Tangent road with mountainous terrain and,O Shape,Asphalt roads,Dry,Daylight,Normal,Collision with roadside objects,Going straight,Driving to the left,Slight Injury
2024-03-10 15:10:00,Friday,Other,Double carriageway (median),Steep grade downward with mountainous terrain,O Shape,Asphalt roads,Dry,Daylight,Normal,Vehicle with vehicle collision,Going straight,Overtaking,Slight Injury
2024-03-10 10:53:00,Monday,Office areas,Undivided Two way,Tangent road with mild grade and flat terrain,Y Shape,Asphalt roads,Dry,Daylight,Normal,Vehicle with vehicle collision,Going straight,No distancing,Slight Injury
2024-03-10 12:10:00,Tuesday,Residential areas,Undivided Two way,Tangent road with flat terrain,No junction,Asphalt roads,Dry,Daylight,Normal,Vehicle with vehicle collision,Going straight,Driving carelessly,Serious Injury
2024-03-10 15:00:00,Saturday,Other,Two-way (divided with broken lines road marking),Tangent road with flat terrain,No junction,Asphalt roads,Dry,Daylight,Normal,Vehicle with vehicle collision,Going straight,No priority to vehicle,Slight Injury
2024-03-10 15:00:00,Saturday,Office areas,Double carriageway (median),Tangent road with flat terrain,No junction,Asphalt roads,Dry,Daylight,Normal,Vehicle with vehicle collision,Going straight,No priority to vehicle,Slight Injury
2024-03-10 14:16:00,Wednesday,Office areas,Undivided Two way,Tangent road with mountainous terrain and,Y Shape,Asphalt roads,Dry,Daylight,Normal,Vehicle with vehicle collision,Other,No priority to vehicle,Slight Injury
2024-03-10 14:16:00,Wednesday,Office areas,other,Tangent road with flat terrain,Y Shape,Asphalt roads,Dry,Daylight,Normal,Vehicle with vehicle collision,Going straight,No priority to vehicle,Slight Injury
2024-03-10 14:16:00,Wednesday,Other,Two-way (divided with broken lines road marking),Tangent road with mild grade and flat terrain,Y Shape,Asphalt roads,Dry,Daylight,Normal,Vehicle with vehicle collision,Reversing,No distancing,Slight Injury
2024-03-10 14:16:00,Wednesday,Church areas,Undivided Two way,Tangent road with flat terrain,Y Shape,Asphalt roads,Dry,Daylight,Normal,Vehicle with vehicle collision,Going straight,Moving Backward,Slight Injury
2024-03-10 14:16:00,Wednesday,Industrial areas,Undivided Two way,Tangent road with flat terrain,Y Shape,Asphalt roads,Dry,Daylight,Normal,Vehicle with vehicle collision,Reversing,No distancing,Slight Injury