Time,Day_of_week,Area_accident_occured,Lanes_or_Medians,Road_allignment,Types_of_Junction,Road_surface_type,Road_surface_conditions,Light_conditions,Weather_conditions,Type_of_collision,Vehicle_movement,Cause_of_accident,Accident_severity
2024-03-10 17:40:00,Thursday,Office areas,Undivided Two way,Tangent road with flat terrain,Y Shape,Asphalt roads,Dry,Daylight,Normal,Vehicle with vehicle collision,Moving Backward,No priority to vehicle,Slight Injury
2024-03-10 17:40:00,Thursday,Other,Two-way (divided with broken lines road marking),Tangent road with flat terrain,Y Shape,Asphalt roads,Dry,Daylight,Normal,Collision with pedestrians,Moving Backward,Driving at high speed,Slight Injury
2024-03-10 11:40:00,Tuesday,Office areas,One way,Tangent road with flat terrain,Y Shape,Asphalt roads,Wet or damp,Daylight,Normal,Vehicle with vehicle collision,Going straight,Driving under the influence of drugs,Slight Injury
2024-03-10 11:40:00,Tuesday,School areas,Undivided Two way,Tangent road with flat terrain,Y Shape,Asphalt roads,Wet or damp,Daylight,Normal,Vehicle with vehicle collision,Other,Changing lane to the right,Slight Injury
2024-03-10 11:40:00,Tuesday,Residential areas,One way,Tangent road with flat terrain,Y Shape,Asphalt roads,Wet or damp,Daylight,Normal,Vehicle with vehicle collision,Going straight,Driving carelessly,Slight Injury
2024-03-10 08:20:00,Tuesday,Office areas,Undivided Two way,Tangent road with flat terrain,Y Shape,Asphalt roads,Dry,Daylight,Normal,Vehicle with vehicle collision,Going straight,No distancing,Slight Injury
2024-03-10 08:20:00,Tuesday,Residential areas,Undivided Two way,Tangent road with flat terrain,Y Shape,Asphalt roads,Dry,Daylight,Normal,Vehicle with vehicle collision,Going straight,Changing lane to the left,Slight Injury
2024-03-10 09:30:00,Tuesday,Office areas,Undivided Two way,Tangent road with flat terrain,No junction,Asphalt roads,Dry,Daylight,Normal,Vehicle with vehicle collision,Going straight,No distancing,Slight Injury
2024-03-10 09:30:00,Tuesday,Office areas,Two-way (divided with broken lines road marking),Tangent road with flat terrain,No junction,Asphalt roads,Dry,Daylight,Normal,Vehicle with vehicle collision,Going straight,No distancing,Slight Injury
2024-03-10 14:45:00,Wednesday,Residential areas,Undivided Two way,Tangent road with flat terrain,Y Shape,Asphalt roads,Dry,Daylight,Normal,Vehicle with vehicle collision,Going straight,Getting off the vehicle improperly,Serious Injury
2024-03-10 14:45:00,Wednesday,Other,Two-way (divided with broken lines road marking),Tangent road with flat terrain,Y Shape,Asphalt roads,Dry,Daylight,Normal,Collision with pedestrians,Going straight,Overtaking,Serious Injury
2024-03-10 18:45:00,Thursday,Industrial areas,Undivided Two way,Tangent road with flat terrain,Y Shape,Asphalt roads,Dry,Daylight,Normal,Vehicle with vehicle collision,Going straight,Driving carelessly,Serious Injury
2024-03-10 18:45:00,Thursday,Office areas,Two-way (divided with broken lines road marking),Tangent road with flat terrain,Y Shape,Asphalt roads,Dry,Daylight,Normal,Vehicle with vehicle collision,Other,Driving under the influence of drugs,Serious Injury
2024-03-10 07:35:00,Monday,Recreational areas,Two-way (divided with broken lines road marking),Tangent road with flat terrain,No junction,Asphalt roads,Wet or damp,Daylight,Raining,Vehicle with vehicle collision,Going straight,Moving Backward,Serious Injury
2024-03-10 07:35:00,Monday,Residential areas,Two-way (divided with broken lines road marking),Tangent road with flat terrain,No junction,Asphalt roads,Wet or damp,Daylight,Raining,Vehicle with vehicle collision,Overtaking,Overturning,Serious Injury
2024-03-10 07:35:00,Monday,Residential areas,Undivided Two way,Tangent road with flat terrain,No junction,Asphalt roads,Wet or damp,Daylight,Raining,Collision with roadside objects,Going straight,Driving under the influence of drugs,Serious Injury
2024-03-10 15:10:00,Wednesday,Church areas,Undivided Two way,Steep grade downward with mountainous terrain,Crossing,Asphalt roads,Dry,Daylight,Normal,Vehicle with vehicle collision,Going straight,Changing lane to the right,Serious Injury
2024-03-10 10:40:00,Friday,Residential areas,Undivided Two way,Tangent road with flat terrain,Crossing,Asphalt roads,Dry,Daylight,Normal,Vehicle with vehicle collision,Going straight,Changing lane to the left,Slight Injury
2024-03-10 17:20:00,Tuesday,Other,Undivided Two way,Tangent road with flat terrain,Y Shape,Asphalt roads,Wet or damp,Daylight,Normal,Vehicle with vehicle collision,Going straight,No distancing,Slight Injury
2024-03-10 17:20:00,Tuesday,Other,Two-way (divided with solid lines road marking),Tangent road with flat terrain,Y Shape,Asphalt roads,Wet or damp,Daylight,Normal,Vehicle with vehicle collision,Going straight,No priority to vehicle,Slight Injury
2024-03-10 19:00:00,Thursday,Church areas,Two-way (divided with solid lines road marking),Tangent road with flat terrain,No junction,Asphalt roads,Dry,Darkness - lights unlit,Normal,Vehicle with vehicle collision,Going straight,Moving Backward,Slight Injury
2024-03-10 19:00:00,Thursday,Other,Two-way (divided with solid lines road marking),Tangent road with flat terrain,No junction,Asphalt roads,Dry,Darkness - lights unlit,Normal,Vehicle with vehicle collision,Going straight,Moving Backward,Slight Injury
2024-03-10 06:20:00,Friday,Church areas,Two-way (divided with solid lines road marking),Tangent road with flat terrain,No junction,Asphalt roads,Wet or damp,Darkness - lights lit,Normal,Collision with roadside objects,Turnover,Getting off the vehicle improperly,Slight Injury
2024-03-10 06:20:00,Friday,Church areas,Two-way (divided with broken lines road marking),Tangent road with flat terrain,No junction,Asphalt roads,Wet or damp,Darkness - lights lit,Normal,Vehicle with vehicle collision,Going straight,Changing lane to the left,Slight Injury
2024-03-10 02:30:00,Sunday,Other,Undivided Two way,Tangent road with flat terrain,Y Shape,Asphalt roads,Dry,Darkness - lights lit,Normal,Vehicle with vehicle collision,Going straight,Changing lane to the left,Slight Injury
2024-03-10 02:30:00,Sunday,Other,Undivided Two way,Tangent road with flat terrain,Y Shape,Asphalt roads,Dry,Darkness - lights lit,Normal,Vehicle with vehicle collision,Moving Backward,No priority to vehicle,Slight Injury
2024-03-10 08:35:00,Saturday,School areas,other,Tangent road with flat terrain,No junction,Asphalt roads,Dry,Daylight,Normal,Vehicle with vehicle collision,Going straight,Changing lane to the right,Serious Injury
2024-03-10 08:35:00,Saturday,Residential areas,Undivided Two way,Tangent road with flat terrain,No junction,Asphalt roads,Dry,Daylight,Normal,Rollover,Moving Backward,Changing lane to the right,Serious Injury
2024-03-10 07:00:00,Thursday,Other,Two-way (divided with broken lines road marking),Tangent road with flat terrain,No junction,Asphalt roads,Wet or damp,Darkness - lights lit,Normal,Vehicle with vehicle collision,Going straight,Driving carelessly,Serious Injury
2024-03-10 10:20:00,Thursday,Office areas,Undivided Two way,Tangent road with flat terrain,Y Shape,Asphalt roads,Dry,Daylight,Normal,Vehicle with vehicle collision,Going straight,Changing lane to the left,Slight Injury
2024-03-10 10:20:00,Thursday,Residential areas,Undivided Two way,Tangent road with flat terrain,Y Shape,Asphalt roads,Dry,Daylight,Normal,Collision with roadside objects,Going straight,Changing lane to the right,Slight Injury
2024-03-10 10:20:00,Thursday,Other,One way,Steep grade downward with mountainous terrain,Y Shape,Asphalt roads,Dry,Daylight,Normal,Vehicle with vehicle collision,Going straight,Driving under the influence of drugs,Slight Injury
2024-03-10 18:18:00,Saturday,Residential areas,Two-way (divided with broken lines road marking),Tangent road with flat terrain,Crossing,Gravel roads,Dry,Darkness - lights lit,Normal,Vehicle with vehicle collision,U-Turn,Driving carelessly,Serious Injury
2024-03-10 18:18:00,Saturday,Residential areas,Undivided Two way,Tangent road with flat terrain,Crossing,Asphalt roads,Dry,Darkness - lights lit,Normal,Vehicle with vehicle collision,Going straight,No distancing,Serious Injury
2024-03-10 18:18:00,Saturday,Residential areas,Two-way (divided with broken lines road marking),Tangent road with flat terrain,Crossing,Asphalt roads,Dry,Darkness - lights lit,Normal,Collision with roadside objects,Going straight,No priority to vehicle,Serious Injury
2024-03-10 18:18:00,Saturday,Other,other,Tangent road with flat terrain,Crossing,Asphalt roads,Dry,Darkness - lights lit,Normal,Collision with roadside objects,Going straight,No priority to vehicle,Serious Injury
2024-03-10 08:40:00,Wednesday,Other,Undivided Two way,Tangent road with flat terrain,No junction,Asphalt roads,Dry,Daylight,Normal,Vehicle with vehicle collision,Going straight,No priority to vehicle,Slight Injury
2024-03-10 02:40:00,Saturday,Other,One way,Tangent road with flat terrain,No junction,Asphalt roads,Dry,Darkness - lights lit,Normal,Vehicle with vehicle collision,Going straight,Changing lane to the left,Slight Injury
2024-03-10 17:02:00,Monday,Hospital areas,Undivided Two way,Tangent road with flat terrain,Y Shape,Asphalt roads,Dry,Daylight,Normal,Collision with roadside objects,Going straight,Moving Backward,Slight Injury
2024-03-10 17:02:00,Monday,Residential areas,Undivided Two way,Tangent road with flat terrain,Y Shape,Asphalt roads,Dry,Daylight,Normal,Collision with roadside objects,Stopping,Driving carelessly,Slight Injury
2024-03-10 18:00:00,Wednesday,Residential areas,One way,Tangent road with flat terrain,No junction,Asphalt roads,Dry,Darkness - lights lit,Normal,Vehicle with vehicle collision,Turnover,Driving under the influence of drugs,Slight Injury
2024-03-10 18:00:00,Wednesday,Residential areas,Undivided Two way,Tangent road with flat terrain,No junction,Asphalt roads,Dry,Darkness - lights lit,Normal,Collision with pedestrians,Getting off,Changing lane to the right,Slight Injury
2024-03-10 19:15:00,Friday,Other,Two-way (divided with broken lines road marking),Tangent road with flat terrain,Y Shape,Asphalt roads with some distress,Dry,Darkness - lights lit,Normal,Vehicle with vehicle collision,Moving Backward,No priority to vehicle,Slight Injury
2024-03-10 19:15:00,Friday,Office areas,Two-way (divided with broken lines road marking),Tangent road with flat terrain,Y Shape,Asphalt roads,Dry,Darkness - lights lit,Normal,Vehicle with vehicle collision,Moving Backward,Changing lane to the right,Slight Injury
2024-03-10 20:40:00,Tuesday,Other,other,Tangent road with flat terrain,Y Shape,Asphalt roads,Dry,Darkness - lights lit,Normal,Vehicle with vehicle collision,Going straight,Driving to the left,Slight Injury
2024-03-10 17:35:00,Wednesday,Office areas,Double carriageway (median),Tangent road with flat terrain,Other,Asphalt roads,Wet or damp,Darkness - lights lit,Raining,Vehicle with vehicle collision,Turnover,Moving Backward,Slight Injury
2024-03-10 17:35:00,Wednesday,Residential areas,Two-way (divided with broken lines road marking),Tangent road with flat terrain,Other,Asphalt roads,Wet or damp,Darkness - lights lit,Raining,Vehicle with vehicle collision,Going straight,No priority to vehicle,Slight Injury
2024-03-10 08:01:00,Thursday,Office areas,Double carriageway (median),Gentle horizontal curve,Y Shape,Asphalt roads,Dry,Daylight,Normal,Collision with roadside objects,Going straight,No distancing,Slight Injury
2024-03-10 08:01:00,Thursday,Office areas,Double carriageway (median),Tangent road with flat terrain,Y Shape,Asphalt roads,Dry,Daylight,Normal,Collision with roadside objects,U-Turn,Driving carelessly,Slight Injury
2024-03-10 10:25:00,Monday,Other,Double carriageway (median),Tangent road with flat terrain,Y Shape,Asphalt roads,Dry,Daylight,Normal,Vehicle with vehicle collision,Going straight,Changing lane to the left,Slight Injury
2024-03-10 10:25:00,Monday,Office areas,Two-way (divided with broken lines road marking),Tangent road with flat terrain,Y Shape,Asphalt roads,Dry,Daylight,Normal,Vehicle with vehicle collision,Going straight,No priority to vehicle,Slight Injury
2024-03-10 11:30:00,Friday,Office areas,Two-way (divided with broken lines road marking),Tangent road with flat terrain,No junction,Asphalt roads,Wet or damp,Daylight,Normal,Vehicle with vehicle collision,U-Turn,No priority to vehicle,Slight Injury
2024-03-10 07:45:00,Thursday,Office areas,One way,Tangent road with flat terrain,Y Shape,Asphalt roads,Dry,Daylight,Normal,Vehicle with vehicle collision,Stopping,No distancing,Slight Injury
2024-03-10 07:45:00,Thursday,Other,Undivided Two way,Tangent road with flat terrain,Y Shape,Asphalt roads,Dry,Daylight,Normal,Vehicle with vehicle collision,Going straight,Driving to the left,Slight Injury
2024-03-10 17:58:00,Monday,Residential areas,Two-way (divided with broken lines road marking),Tangent road with flat terrain,Y Shape,Asphalt roads,Wet or damp,Darkness - lights lit,Normal,Vehicle with vehicle collision,Moving Backward,Driving carelessly,Slight Injury
2024-03-10 17:58:00,Monday,Residential areas,Two-way (divided with broken lines road marking),Gentle horizontal curve,Y Shape,Asphalt roads,Wet or damp,Darkness - lights lit,Normal,Vehicle with vehicle collision,Getting off,Driving carelessly,Slight Injury
2024-03-10 17:32:00,Tuesday,Church areas,Two-way (divided with broken lines road marking),Tangent road with flat terrain,Y Shape,Asphalt roads,Dry,Daylight,Normal,Vehicle with vehicle collision,Going straight,Changing lane to the right,Slight Injury
2024-03-10 17:32:00,Tuesday,Other,Two-way (divided with broken lines road marking),Tangent road with flat terrain,Y Shape,Asphalt roads,Dry,Daylight,Normal,Vehicle with vehicle collision,Going straight,Driving carelessly,Slight Injury
2024-03-10 17:32:00,Tuesday,Residential areas,Two-way (divided with broken lines road marking),Tangent road with flat terrain,Y Shape,Asphalt roads,Dry,Daylight,Normal,Vehicle with vehicle collision,Turnover,Changing lane to the left,Slight Injury
2024-03-10 08:50:00,Wednesday,Other,Undivided Two way,Tangent road with flat terrain,Y Shape,Asphalt roads,Dry,Daylight,Normal,Other,Moving Backward,Driving carelessly,Slight Injury
2024-03-10 08:50:00,Wednesday,Residential areas,Undivided Two way,Tangent road with flat terrain,Y Shape,Asphalt roads,Dry,Daylight,Normal,Vehicle with vehicle collision,Going straight,Driving carelessly,Slight Injury
2024-03-10 12:20:00,Saturday,Residential areas,Two-way (divided with broken lines road marking),Tangent road with flat terrain,Crossing,Asphalt roads,Dry,Daylight,Normal,Collision with roadside objects,Moving Backward,Driving under the influence of drugs,Slight Injury
2024-03-10 12:20:00,Saturday,Other,Two-way (divided with broken lines road marking),Tangent road with flat terrain,Crossing,Asphalt roads,Dry,Daylight,Normal,Vehicle with vehicle collision,Going straight,Driving carelessly,Slight Injury
2024-03-10 12:20:00,Saturday,Other,Two-way (divided with broken lines road marking),Tangent road with flat terrain,Crossing,Asphalt roads,Dry,Daylight,Normal,Vehicle with vehicle collision,Going straight,No distancing,Slight Injury
2024-03-10 18:15:00,Saturday,Other,Undivided Two way,Tangent road with flat terrain,No junction,Asphalt roads,Dry,Darkness - lights lit,Normal,Vehicle with vehicle collision,Going straight,Driving carelessly,Slight Injury
2024-03-10 11:48:00,Sunday,Other,Double carriageway (median),Tangent road with flat terrain,Y Shape,Asphalt roads,Dry,Daylight,Normal,Vehicle with vehicle collision,Going straight,Driving to the left,Slight Injury
2024-03-10 11:48:00,Sunday,Residential areas,Two-way (divided with broken lines road marking),Tangent road with flat terrain,Y Shape,Asphalt roads,Dry,Daylight,Normal,Vehicle with vehicle collision,Going straight,Overtaking,Slight Injury
2024-03-10 11:45:00,Thursday,Recreational areas,Undivided Two way,Tangent road with flat terrain,No junction,Asphalt roads,Wet or damp,Daylight,Raining,Vehicle with vehicle collision,Going straight,No distancing,Slight Injury
2024-03-10 11:45:00,Thursday,Other,other,Tangent road with flat terrain,No junction,Asphalt roads,Wet or damp,Daylight,Raining,Collision with roadside objects,Going straight,Driving carelessly,Slight Injury
2024-03-10 07:55:00,Friday,Office areas,Undivided Two way,Tangent road with flat terrain,Y Shape,Asphalt roads,Wet or damp,Daylight,Raining,Collision with roadside objects,Going straight,No priority to vehicle,Slight Injury
2024-03-10 07:55:00,Friday,Other,Undivided Two way,Tangent road with flat terrain,Y Shape,Asphalt roads,Wet or damp,Daylight,Raining,Vehicle with vehicle collision,Going straight,No priority to vehicle,Slight Injury
2024-03-10 10:10:00,Tuesday,Office areas,Undivided Two way,Tangent road with flat terrain,Y Shape,Asphalt roads,Dry,Daylight,Normal,Collision with roadside objects,Going straight,No priority to vehicle,Slight Injury
2024-03-10 10:10:00,Tuesday,Office areas,One way,Tangent road with flat terrain,Y Shape,Asphalt roads,Dry,Daylight,Normal,Collision with roadside objects,Going straight,No priority to vehicle,Slight Injury
2024-03-10 21:10:00,Tuesday,Office areas,Undivided Two way,Tangent road with flat terrain,Y Shape,Asphalt roads,Wet or damp,Darkness - lights lit,Normal,Vehicle with vehicle collision,Other,No distancing,Slight Injury
2024-03-10 21:10:00,Tuesday,Other,Undivided Two way,Tangent road with flat terrain,Y Shape,Asphalt roads,Wet or damp,Darkness - lights lit,Normal,Vehicle with vehicle collision,Other,Moving Backward,Slight Injury
2024-03-10 09:50:00,Friday,Other,Double carriageway (median),Tangent road with flat terrain,Y Shape,Asphalt roads,Wet or damp,Daylight,Raining,Collision with roadside objects,Going straight,No distancing,Slight Injury
2024-03-10 09:50:00,Friday,Office areas,Two-way (divided with solid lines road marking),Tangent road with flat terrain,Y Shape,Asphalt roads,Wet or damp,Daylight,Raining,Vehicle with vehicle collision,Going straight,Changing lane to the left,Slight Injury
2024-03-10 09:50:00,Friday,Residential areas,other,Tangent road with flat terrain,Y Shape,Asphalt roads,Wet or damp,Daylight,Raining,Vehicle with vehicle collision,Getting off,Changing lane to the left,Slight Injury
2024-03-10 20:10:00,Wednesday,Recreational areas,Undivided Two way,Tangent road with flat terrain,Y Shape,Asphalt roads,Wet or damp,Darkness - lights lit,Cloudy,Vehicle with vehicle collision,Going straight,No priority to pedestrian,Slight Injury
2024-03-10 20:10:00,Wednesday,Other,other,Tangent road with flat terrain,Y Shape,Asphalt roads,Wet or damp,Darkness - lights lit,Cloudy,Vehicle with vehicle collision,Going straight,Moving Backward,Slight Injury
2024-03-10 17:20:00,Tuesday,Residential areas,other,Tangent road with flat terrain,Y Shape,Asphalt roads,Wet or damp,Darkness - lights lit,Raining,Vehicle with vehicle collision,Going straight,Changing lane to the left,Slight Injury
2024-03-10 17:20:00,Tuesday,Other,other,Tangent road with flat terrain,Y Shape,Asphalt roads,Wet or damp,Darkness - lights lit,Raining,Vehicle with vehicle collision,Going straight,No distancing,Slight Injury
2024-03-10 15:25:00,Sunday,Other,other,Tangent road with flat terrain,No junction,Asphalt roads,Wet or damp,Daylight,Raining,Collision with pedestrians,Going straight,No priority to vehicle,Slight Injury
2024-03-10 15:25:00,Sunday,Other,One way,Tangent road with flat terrain,No junction,Asphalt roads,Wet or damp,Daylight,Raining,Vehicle with vehicle collision,Getting off,Changing lane to the right,Slight Injury
2024-03-10 15:25:00,Sunday,Other,Two-way (divided with broken lines road marking),Tangent road with flat terrain,No junction,Asphalt roads,Wet or damp,Daylight,Raining,Collision with roadside objects,Going straight,No distancing,Slight Injury
2024-03-10 15:35:00,Wednesday,Other,other,Tangent road with flat terrain,Y Shape,Asphalt roads,Wet or damp,Daylight,Raining,Vehicle with vehicle collision,Going straight,No distancing,Serious Injury
2024-03-10 15:30:00,Tuesday,School areas,Undivided Two way,Tangent road with flat terrain,Crossing,Asphalt roads,Dry,Daylight,Normal,Vehicle with vehicle collision,Other,Getting off the vehicle improperly,Slight Injury
2024-03-10 15:30:00,Tuesday,Office areas,Two-way (divided with broken lines road marking),Tangent road with flat terrain,Crossing,Asphalt roads,Dry,Daylight,Normal,Vehicle with vehicle collision,Going straight,No priority to pedestrian,Slight Injury
2024-03-10 15:30:00,Tuesday,Office areas,Two-way (divided with broken lines road marking),Tangent road with flat terrain,Crossing,Asphalt roads,Dry,Daylight,Normal,Vehicle with vehicle collision,Going straight,Changing lane to the left,Slight Injury
2024-03-10 15:30:00,Tuesday,Office areas,Two-way (divided with broken lines road marking),Tangent road with flat terrain,Crossing,Asphalt roads,Dry,Daylight,Normal,Vehicle with vehicle collision,Going straight,No distancing,Slight Injury
2024-03-10 11:10:00,Thursday,School areas,Two-way (divided with broken lines road marking),Tangent road with flat terrain,No junction,Asphalt roads,Dry,Daylight,Normal,Vehicle with vehicle collision,Going straight,Driving carelessly,Slight Injury
2024-03-10 18:20:00,Tuesday,School areas,Undivided Two way,Tangent road with flat terrain,No junction,Asphalt roads,Wet or damp,Darkness - lights lit,Windy,Vehicle with vehicle collision,Going straight,No distancing,Slight Injury
2024-03-10 23:03:00,Friday,Office areas,Two-way (divided with broken lines road marking),Tangent road with flat terrain,Crossing,Asphalt roads,Dry,Darkness - lights lit,Normal,Vehicle with vehicle collision,Reversing,Changing lane to the right,Serious Injury
2024-03-10 22:43:00,Monday,Office areas,Two-way (divided with broken lines road marking),Tangent road with flat terrain,Y Shape,Asphalt roads,Wet or damp,Darkness - lights lit,Normal,Vehicle with vehicle collision,Other,Overtaking,Slight Injury
2024-03-10 22:43:00,Monday,School areas,Two-way (divided with broken lines road marking),Tangent road with flat terrain,Y Shape,Asphalt roads,Wet or damp,Darkness - lights lit,Normal,Collision with roadside objects,Going straight,Driving carelessly,Slight Injury
2024-03-10 22:43:00,Monday,Other,Two-way (divided with broken lines road marking),Tangent road with flat terrain,Y Shape,Asphalt roads,Wet or damp,Darkness - lights lit,Normal,Collision with roadside objects,Going straight,No distancing,Slight Injury
2024-03-10 22:43:00,Monday,Other,Undivided Two way,Tangent road with flat terrain,Y Shape,Asphalt roads,Wet or damp,Darkness - lights lit,Normal,Vehicle with vehicle collision,Going straight,Overtaking,Slight Injury
2024-03-10 18:20:00,Monday,Other,Two-way (divided with broken lines road marking),Tangent road with flat terrain,No junction,Asphalt roads,Wet or damp,Darkness - lights lit,Raining,Vehicle with vehicle collision,Going straight,Driving carelessly,Slight Injury
2024-03-10 18:20:00,Monday,Residential areas,Undivided Two way,Tangent road with flat terrain,No junction,Asphalt roads,Wet or damp,Darkness - lights lit,Raining,Vehicle with vehicle collision,Going straight,Driving carelessly,Slight Injury
2024-03-10 08:00:00,Thursday,Other,Undivided Two way,Tangent road with flat terrain,Y Shape,Asphalt roads,Wet or damp,Daylight,Raining,Collision with pedestrians,Going straight,Moving Backward,Slight Injury
2024-03-10 08:00:00,Thursday,Other,Undivided Two way,Tangent road with flat terrain,Y Shape,Asphalt roads,Wet or damp,Daylight,Raining,Vehicle with vehicle collision,Going straight,Driving carelessly,Slight Injury
2024-03-10 04:10:00,Saturday,Industrial areas,Undivided Two way,Tangent road with flat terrain,No junction,Asphalt roads,Wet or damp,Darkness - lights lit,Unknown,Vehicle with vehicle collision,Going straight,Driving to the left,Slight Injury
2024-03-10 04:10:00,Saturday,Recreational areas,Undivided Two way,Tangent road with flat terrain,No junction,Asphalt roads,Wet or damp,Darkness - lights lit,Unknown,Vehicle with vehicle collision,Moving Backward,Changing lane to the left,Slight Injury
2024-03-10 18:15:00,Monday,Church areas,Two-way (divided with broken lines road marking),Tangent road with flat terrain,Y Shape,Asphalt roads,Wet or damp,Darkness - lights unlit,Raining,Collision with pedestrians,Moving Backward,No distancing,Slight Injury
2024-03-10 18:15:00,Monday,Office areas,Two-way (divided with broken lines road marking),Tangent road with flat terrain,Y Shape,Asphalt roads,Wet or damp,Darkness - lights unlit,Raining,Collision with roadside objects,Turnover,No distancing,Slight Injury
2024-03-10 10:40:00,Tuesday,Other,Two-way (divided with broken lines road marking),Tangent road with flat terrain,Y Shape,Asphalt roads,Dry,Daylight,Normal,Vehicle with vehicle collision,Other,Changing lane to the right,Slight Injury
2024-03-10 10:40:00,Tuesday,Office areas,Undivided Two way,Tangent road with flat terrain,Y Shape,Asphalt roads with some distress,Dry,Daylight,Normal,Vehicle with vehicle collision,Other,Driving under the influence of drugs,Slight Injury
2024-03-10 12:00:00,Tuesday,Office areas,Two-way (divided with broken lines road marking),Tangent road with flat terrain,Y Shape,Asphalt roads,Dry,Daylight,Normal,Vehicle with vehicle collision,Going straight,Changing lane to the right,Slight Injury
2024-03-10 12:00:00,Tuesday,Other,Two-way (divided with broken lines road marking),Tangent road with flat terrain,Y Shape,Asphalt roads,Dry,Daylight,Normal,Vehicle with vehicle collision,Going straight,Changing lane to the left,Slight Injury
2024-03-10 21:50:00,Monday,Office areas,other,Tangent road with mountainous terrain and,Y Shape,Asphalt roads,Dry,Darkness - lights lit,Normal,Vehicle with vehicle collision,Other,No distancing,Slight Injury
2024-03-10 21:50:00,Monday,Residential areas,other,Tangent road with flat terrain,Y Shape,Gravel roads,Dry,Darkness - lights lit,Normal,Vehicle with vehicle collision,Going straight,Changing lane to the right,Slight Injury
2024-03-10 21:50:00,Monday,School areas,Two-way (divided with broken lines road marking),Tangent road with flat terrain,Y Shape,Asphalt roads,Dry,Darkness - lights lit,Normal,Collision with roadside objects,Reversing,Moving Backward,Slight Injury
2024-03-10 09:02:00,Thursday,Office areas,Two-way (divided with broken lines road marking),Sharp reverse curve,No junction,Asphalt roads,Wet or damp,Daylight,Normal,Collision with roadside objects,Other,No distancing,Slight Injury
2024-03-10 16:20:00,Saturday,Other,other,Tangent road with flat terrain,Y Shape,Asphalt roads,Wet or damp,Darkness - lights lit,Normal,Vehicle with vehicle collision,Turnover,Driving to the left,Slight Injury
2024-03-10 16:20:00,Saturday,Other,Undivided Two way,Tangent road with flat terrain,Y Shape,Asphalt roads,Wet or damp,Darkness - lights lit,Normal,Vehicle with vehicle collision,Going straight,Driving to the left,Slight Injury
2024-03-10 16:20:00,Saturday,Church areas,other,Tangent road with flat terrain,Y Shape,Asphalt roads,Wet or damp,Darkness - lights lit,Normal,Vehicle with vehicle collision,Going straight,Moving Backward,Slight Injury
2024-03-10 16:40:00,Tuesday,Office areas,Two-way (divided with broken lines road marking),Tangent road with flat terrain,No junction,Asphalt roads,Dry,Darkness - lights unlit,Normal,Vehicle with vehicle collision,Going straight,Moving Backward,Slight Injury
2024-03-10 16:40:00,Tuesday,Other,Two-way (divided with broken lines road marking),Tangent road with flat terrain,No junction,Asphalt roads,Dry,Darkness - lights unlit,Normal,Vehicle with vehicle collision,Going straight,Overtaking,Slight Injury
2024-03-10 07:14:00,Saturday,Office areas,Two-way (divided with broken lines road marking),Tangent road with mild grade and flat terrain,Y Shape,Asphalt roads,Wet or damp,Darkness - lights lit,Windy,Rollover,Going straight,Driving carelessly,Slight Injury
2024-03-10 23:59:00,Thursday,Office areas,Two-way (divided with broken lines road marking),Tangent road with flat terrain,Y Shape,Asphalt roads,Wet or damp,Darkness - lights lit,Normal,Vehicle with vehicle collision,Going straight,Changing lane to the left,Slight Injury
2024-03-10 17:30:00,Tuesday,Office areas,Two-way (divided with broken lines road marking),Sharp reverse curve,Crossing,Asphalt roads,Wet or damp,Darkness - lights lit,Normal,Collision with roadside objects,Going straight,Driving under the influence of drugs,Slight Injury
2024-03-10 17:30:00,Tuesday,Church areas,Undivided Two way,Sharp reverse curve,Crossing,Asphalt roads,Wet or damp,Darkness - lights lit,Normal,Collision with pedestrians,Going straight,No distancing,Slight Injury
2024-03-10 20:10:00,Thursday,Office areas,Undivided Two way,Gentle horizontal curve,Y Shape,Asphalt roads,Wet or damp,Darkness - lights lit,Normal,Vehicle with vehicle collision,Going straight,Moving Backward,Slight Injury
2024-03-10 18:21:00,Tuesday,Other,Double carriageway (median),Gentle horizontal curve,No junction,Asphalt roads,Dry,Darkness - lights lit,Normal,Vehicle with vehicle collision,Other,Changing lane to the left,Serious Injury
2024-03-10 18:21:00,Tuesday,Other,Two-way (divided with broken lines road marking),Tangent road with flat terrain,No junction,Asphalt roads,Dry,Darkness - lights lit,Normal,Vehicle with vehicle collision,Going straight,Changing lane to the right,Serious Injury
2024-03-10 08:50:00,Wednesday,Church areas,Unknown,Tangent road with mountainous terrain and,No junction,Asphalt roads,Wet or damp,Daylight,Normal,Vehicle with vehicle collision,Going straight,No distancing,Slight Injury
2024-03-10 13:55:00,Tuesday,School areas,Undivided Two way,Tangent road with flat terrain,Y Shape,Asphalt roads,Dry,Daylight,Normal,Vehicle with vehicle collision,Moving Backward,Driving at high speed,Serious Injury
2024-03-10 19:13:00,Tuesday,Church areas,Two-way (divided with broken lines road marking),Tangent road with flat terrain,Y Shape,Asphalt roads,Wet or damp,Darkness - lights lit,Raining,Vehicle with vehicle collision,Going straight,Changing lane to the right,Slight Injury