Time,Day_of_week,Area_accident_occured,Lanes_or_Medians,Road_allignment,Types_of_Junction,Road_surface_type,Road_surface_conditions,Light_conditions,Weather_conditions,Type_of_collision,Vehicle_movement,Cause_of_accident,Accident_severity
2024-03-10 11:29:00,Saturday,Church areas,Undivided Two way,Tangent road with flat terrain,Y Shape,Asphalt roads,Dry,Daylight,Normal,Collision with roadside objects,Going straight,Turnover,Slight Injury
2024-03-10 11:29:00,Saturday,Other,Two-way (divided with broken lines road marking),Tangent road with flat terrain,Y Shape,Asphalt roads,Dry,Daylight,Normal,Vehicle with vehicle collision,Going straight,No distancing,Slight Injury
2024-03-10 11:29:00,Saturday,Recreational areas,Two-way (divided with broken lines road marking),Tangent road with flat terrain,Y Shape,Asphalt roads,Dry,Daylight,Normal,Collision with roadside objects,Going straight,No distancing,Slight Injury
2024-03-10 10:20:00,Sunday,Industrial areas,Undivided Two way,Tangent road with mild grade and flat terrain,Y Shape,Asphalt roads,Dry,Daylight,Normal,Vehicle with vehicle collision,Going straight,Changing lane to the left,Slight Injury
2024-03-10 10:20:00,Sunday,Other,Two-way (divided with broken lines road marking),Tangent road with flat terrain,Y Shape,Asphalt roads,Dry,Daylight,Normal,Vehicle with vehicle collision,Going straight,No priority to vehicle,Slight Injury
2024-03-10 18:05:00,Tuesday,Other,other,Tangent road with flat terrain,Y Shape,Asphalt roads,Wet or damp,Darkness - lights lit,Raining,Vehicle with vehicle collision,Moving Backward,Driving at high speed,Slight Injury
2024-03-10 18:05:00,Tuesday,Church areas,other,Tangent road with flat terrain,Y Shape,Asphalt roads,Wet or damp,Darkness - lights lit,Raining,Vehicle with vehicle collision,Going straight,Overtaking,Slight Injury
2024-03-10 13:32:00,Wednesday,Church areas,Undivided Two way,Tangent road with flat terrain,O Shape,Asphalt roads,Dry,Daylight,Normal,Collision with roadside objects,Going straight,Other,Slight Injury
2024-03-10 13:32:00,Wednesday,Other,Two-way (divided with broken lines road marking),Tangent road with flat terrain,O Shape,Asphalt roads,Dry,Daylight,Normal,Vehicle with vehicle collision,Going straight,Changing lane to the left,Slight Injury
2024-03-10 13:32:00,Wednesday,Other,One way,Tangent road with flat terrain,O Shape,Asphalt roads,Dry,Daylight,Normal,Collision with roadside objects,Going straight,No priority to pedestrian,Slight Injury
2024-03-10 15:20:00,Tuesday,Recreational areas,Two-way (divided with broken lines road marking),Tangent road with flat terrain,No junction,Asphalt roads,Dry,Daylight,Normal,Vehicle with vehicle collision,Moving Backward,Changing lane to the left,Slight Injury
2024-03-10 09:51:00,Thursday,Other,Undivided Two way,Tangent road with flat terrain,Y Shape,Asphalt roads,Dry,Daylight,Normal,Vehicle with vehicle collision,Going straight,No distancing,Slight Injury
2024-03-10 11:50:00,Monday,Office areas,Undivided Two way,Tangent road with flat terrain,Y Shape,Asphalt roads,Dry,Daylight,Normal,Vehicle with vehicle collision,Other,Moving Backward,Slight Injury
2024-03-10 11:50:00,Monday,Church areas,Two-way (divided with broken lines road marking),Tangent road with flat terrain,Y Shape,Asphalt roads,Dry,Daylight,Normal,Vehicle with vehicle collision,Other,Changing lane to the left,Slight Injury
2024-03-10 11:50:00,Monday,Office areas,Two-way (divided with broken lines road marking),Tangent road with flat terrain,Y Shape,Asphalt roads,Dry,Daylight,Normal,Vehicle with vehicle collision,Going straight,Other,Slight Injury
2024-03-10 10:35:00,Wednesday,Office areas,Undivided Two way,Tangent road with mountainous terrain and,No junction,Asphalt roads,Wet or damp,Daylight,Normal,Vehicle with vehicle collision,Going straight,No distancing,Serious Injury
2024-03-10 10:35:00,Wednesday,Other,Undivided Two way,Tangent road with flat terrain,No junction,Asphalt roads,Wet or damp,Daylight,Normal,Vehicle with vehicle collision,Going straight,Moving Backward,Serious Injury
2024-03-10 10:35:00,Wednesday,Residential areas,Two-way (divided with broken lines road marking),Tangent road with flat terrain,No junction,Asphalt roads,Wet or damp,Daylight,Normal,Vehicle with vehicle collision,Going straight,No distancing,Serious Injury
2024-03-10 18:30:00,Thursday,Office areas,Two-way (divided with broken lines road marking),Tangent road with mild grade and flat terrain,Y Shape,Asphalt roads,Dry,Darkness - lights lit,Normal,Vehicle with vehicle collision,Other,Changing lane to the left,Slight Injury
2024-03-10 18:30:00,Thursday,Residential areas,other,Tangent road with flat terrain,Y Shape,Asphalt roads,Dry,Darkness - lights lit,Normal,Vehicle with vehicle collision,Going straight,Changing lane to the left,Slight Injury
2024-03-10 18:30:00,Friday,Residential areas,Two-way (divided with broken lines road marking),Tangent road with flat terrain,Y Shape,Asphalt roads,Dry,Darkness - lights lit,Normal,Vehicle with vehicle collision,Getting off,No priority to pedestrian,Slight Injury
2024-03-10 18:30:00,Friday,Other,Double carriageway (median),Tangent road with flat terrain,Y Shape,Asphalt roads,Dry,Darkness - lights lit,Normal,Rollover,Going straight,Changing lane to the left,Slight Injury
2024-03-10 11:55:00,Friday,Hospital areas,One way,Tangent road with flat terrain,Y Shape,Asphalt roads,Dry,Daylight,Normal,Collision with roadside objects,Going straight,Driving carelessly,Slight Injury
2024-03-10 11:55:00,Friday,Other,Undivided Two way,Tangent road with flat terrain,Y Shape,Asphalt roads,Dry,Daylight,Normal,Vehicle with vehicle collision,Going straight,Driving carelessly,Slight Injury
2024-03-10 07:30:00,Wednesday,Other,Undivided Two way,Tangent road with flat terrain,No junction,Asphalt roads,Wet or damp,Darkness - lights lit,Other,Vehicle with vehicle collision,Going straight,No priority to pedestrian,Slight Injury
2024-03-10 07:30:00,Wednesday,Recreational areas,One way,Tangent road with mild grade and flat terrain,No junction,Asphalt roads,Wet or damp,Darkness - lights lit,Other,Collision with roadside objects,Going straight,Getting off the vehicle improperly,Slight Injury
2024-03-10 00:09:00,Monday,Other,Undivided Two way,Tangent road with flat terrain,Y Shape,Asphalt roads,Wet or damp,Darkness - lights lit,Normal,Vehicle with vehicle collision,Going straight,No distancing,Slight Injury
2024-03-10 00:09:00,Monday,Other,Undivided Two way,Tangent road with flat terrain,Y Shape,Asphalt roads,Wet or damp,Darkness - lights lit,Normal,Vehicle with vehicle collision,Moving Backward,Changing lane to the left,Slight Injury
2024-03-10 19:47:00,Saturday,Other,Undivided Two way,Tangent road with flat terrain,O Shape,Asphalt roads,Wet or damp,Darkness - lights lit,Normal,Vehicle with vehicle collision,Going straight,No priority to vehicle,Serious Injury
2024-03-10 19:47:00,Saturday,Office areas,Two-way (divided with broken lines road marking),Tangent road with flat terrain,O Shape,Asphalt roads,Wet or damp,Darkness - lights lit,Normal,Rollover,Other,No distancing,Serious Injury
2024-03-10 19:00:00,Wednesday,Other,Two-way (divided with broken lines road marking),Tangent road with mild grade and flat terrain,Y Shape,Asphalt roads,Dry,Darkness - lights lit,Normal,Rollover,Going straight,No priority to pedestrian,Slight Injury
2024-03-10 19:00:00,Wednesday,Residential areas,Two-way (divided with broken lines road marking),Tangent road with flat terrain,Y Shape,Asphalt roads,Dry,Darkness - lights lit,Normal,Collision with pedestrians,Going straight,No priority to pedestrian,Slight Injury
2024-03-10 12:00:00,Thursday,Other,Undivided Two way,Tangent road with flat terrain,No junction,Asphalt roads,Wet or damp,Daylight,Normal,Vehicle with vehicle collision,Going straight,No priority to vehicle,Slight Injury
2024-03-10 12:00:00,Thursday,Other,Undivided Two way,Tangent road with flat terrain,No junction,Asphalt roads,Wet or damp,Daylight,Normal,Vehicle with vehicle collision,Going straight,Driving carelessly,Slight Injury
2024-03-10 22:42:00,Friday,Church areas,Undivided Two way,Tangent road with flat terrain,No junction,Asphalt roads,Dry,Darkness - lights lit,Normal,Vehicle with vehicle collision,Going straight,Changing lane to the right,Slight Injury
2024-03-10 07:55:00,Monday,Office areas,Undivided Two way,Tangent road with flat terrain,No junction,Asphalt roads,Wet or damp,Daylight,Normal,Collision with pedestrians,Moving Backward,Changing lane to the left,Serious Injury
2024-03-10 07:25:00,Friday,School areas,other,Tangent road with flat terrain,Y Shape,Asphalt roads,Dry,Daylight,Normal,Collision with pedestrians,Going straight,Moving Backward,Serious Injury
2024-03-10 07:25:00,Friday,Other,Undivided Two way,Tangent road with flat terrain,Y Shape,Asphalt roads,Dry,Daylight,Normal,Vehicle with vehicle collision,Going straight,Driving carelessly,Serious Injury
2024-03-10 23:25:00,Saturday,Office areas,Undivided Two way,Tangent road with flat terrain,Y Shape,Asphalt roads,Dry,Darkness - lights lit,Normal,Vehicle with vehicle collision,Going straight,Driving to the left,Serious Injury
2024-03-10 23:25:00,Saturday,Residential areas,other,Steep grade downward with mountainous terrain,Y Shape,Gravel roads,Dry,Darkness - lights lit,Normal,Vehicle with vehicle collision,Going straight,Driving to the left,Serious Injury
2024-03-10 15:10:00,Wednesday,Industrial areas,One way,Tangent road with flat terrain,Y Shape,Asphalt roads,Dry,Daylight,Normal,Collision with roadside objects,Going straight,No priority to pedestrian,Serious Injury
2024-03-10 15:10:00,Wednesday,Other,Undivided Two way,Tangent road with flat terrain,Y Shape,Asphalt roads,Dry,Daylight,Normal,Vehicle with vehicle collision,Going straight,Changing lane to the left,Serious Injury
2024-03-10 17:00:00,Wednesday,Residential areas,Undivided Two way,Tangent road with flat terrain,Y Shape,Asphalt roads,Wet or damp,Darkness - lights lit,Other,Collision with roadside objects,Going straight,Changing lane to the right,Serious Injury
2024-03-10 17:00:00,Wednesday,Recreational areas,Two-way (divided with broken lines road marking),Tangent road with flat terrain,Y Shape,Asphalt roads,Wet or damp,Darkness - lights lit,Other,Vehicle with vehicle collision,Going straight,Driving carelessly,Serious Injury
2024-03-10 16:10:00,Tuesday,Office areas,other,Tangent road with flat terrain,Crossing,Asphalt roads,Dry,Daylight,Normal,Vehicle with vehicle collision,Going straight,No distancing,Slight Injury
2024-03-10 13:29:00,Saturday,Outside rural areas,Two-way (divided with broken lines road marking),Tangent road with flat terrain,Other,Asphalt roads,Dry,Daylight,Normal,Collision with roadside objects,Going straight,Getting off the vehicle improperly,Serious Injury
2024-03-10 13:29:00,Saturday,Outside rural areas,Two-way (divided with broken lines road marking),Tangent road with flat terrain,Other,Asphalt roads,Dry,Daylight,Normal,Vehicle with vehicle collision,Going straight,Driving under the influence of drugs,Serious Injury
2024-03-10 12:40:00,Friday,Outside rural areas,Undivided Two way,Tangent road with flat terrain,Other,Asphalt roads,Dry,Daylight,Normal,Vehicle with vehicle collision,Other,Changing lane to the right,Serious Injury
2024-03-10 12:40:00,Friday,Outside rural areas,Undivided Two way,Tangent road with flat terrain,Other,Asphalt roads,Dry,Daylight,Normal,Collision with roadside objects,Going straight,Driving carelessly,Serious Injury
2024-03-10 15:30:00,Friday,Outside rural areas,other,Steep grade downward with mountainous terrain,No junction,Asphalt roads with some distress,Dry,Daylight,Normal,Collision with roadside objects,Going straight,Moving Backward,Slight Injury
2024-03-10 15:30:00,Friday,School areas,other,Steep grade downward with mountainous terrain,No junction,Asphalt roads,Dry,Daylight,Normal,Vehicle with vehicle collision,Going straight,Turnover,Slight Injury
2024-03-10 15:30:00,Friday,Outside rural areas,Two-way (divided with broken lines road marking),Tangent road with flat terrain,No junction,Asphalt roads,Dry,Daylight,Normal,Vehicle with vehicle collision,Going straight,Changing lane to the right,Slight Injury
2024-03-10 15:30:00,Friday,Outside rural areas,Undivided Two way,Tangent road with flat terrain,No junction,Asphalt roads,Dry,Daylight,Normal,Vehicle with vehicle collision,Going straight,Driving carelessly,Slight Injury
2024-03-10 15:30:00,Friday,Outside rural areas,Two-way (divided with broken lines road marking),Escarpments,No junction,Asphalt roads,Dry,Daylight,Normal,Vehicle with vehicle collision,Going straight,No priority to vehicle,Slight Injury
2024-03-10 03:32:00,Saturday,Outside rural areas,Two-way (divided with broken lines road marking),Tangent road with mountainous terrain and,No junction,Asphalt roads,Dry,Darkness - lights lit,Normal,Vehicle with vehicle collision,Moving Backward,Moving Backward,Fatal injury
2024-03-10 04:00:00,Friday,Office areas,Undivided Two way,Tangent road with mountainous terrain and,Y Shape,Asphalt roads,Dry,Darkness - lights lit,Normal,Vehicle with vehicle collision,Going straight,Changing lane to the left,Slight Injury
2024-03-10 04:00:00,Friday,Outside rural areas,Undivided Two way,Tangent road with mountainous terrain and,Y Shape,Asphalt roads,Dry,Daylight,Normal,Vehicle with vehicle collision,Going straight,Overturning,Slight Injury
2024-03-10 04:00:00,Friday,Outside rural areas,Undivided Two way,Tangent road with mountainous terrain and,Y Shape,Asphalt roads,Wet or damp,Daylight,Raining,Vehicle with vehicle collision,Going straight,No distancing,Slight Injury
2024-03-10 04:00:00,Friday,Outside rural areas,Undivided Two way,Tangent road with flat terrain,Y Shape,Asphalt roads,Wet or damp,Daylight,Raining,Vehicle with vehicle collision,Going straight,Driving carelessly,Slight Injury
2024-03-10 15:50:00,Saturday,Office areas,Undivided Two way,Tangent road with flat terrain,Y Shape,Asphalt roads,Dry,Darkness - lights lit,Normal,Vehicle with vehicle collision,Going straight,No distancing,Slight Injury
2024-03-10 08:50:00,Friday,Recreational areas,Undivided Two way,Tangent road with flat terrain,Crossing,Asphalt roads,Dry,Darkness - lights lit,Normal,Vehicle with vehicle collision,Going straight,Changing lane to the left,Slight Injury
2024-03-10 00:25:00,Sunday,Office areas,Undivided Two way,Tangent road with flat terrain,Y Shape,Asphalt roads,Dry,Daylight,Normal,Vehicle with vehicle collision,Going straight,No priority to pedestrian,Slight Injury
2024-03-10 00:25:00,Sunday,Other,Two-way (divided with broken lines road marking),Tangent road with mild grade and flat terrain,Y Shape,Asphalt roads,Dry,Daylight,Normal,Vehicle with vehicle collision,Getting off,No distancing,Slight Injury
2024-03-10 00:25:00,Sunday,Residential areas,Two-way (divided with broken lines road marking),Tangent road with flat terrain,Y Shape,Asphalt roads,Dry,Daylight,Normal,Vehicle with vehicle collision,Going straight,No distancing,Serious Injury
2024-03-10 00:10:00,Sunday,Residential areas,other,Tangent road with flat terrain,No junction,Asphalt roads,Dry,Daylight,Normal,Vehicle with vehicle collision,Going straight,Changing lane to the left,Serious Injury
2024-03-10 00:10:00,Sunday,Residential areas,Undivided Two way,Tangent road with flat terrain,No junction,Asphalt roads,Dry,Daylight,Normal,Vehicle with vehicle collision,Turnover,No distancing,Serious Injury
2024-03-10 15:20:00,Saturday,Other,Undivided Two way,Tangent road with flat terrain,Y Shape,Asphalt roads,Dry,Daylight,Normal,Vehicle with vehicle collision,Moving Backward,Changing lane to the left,Serious Injury
2024-03-10 15:20:00,Saturday,Office areas,Two-way (divided with broken lines road marking),Tangent road with flat terrain,Y Shape,Asphalt roads,Dry,Daylight,Normal,Vehicle with vehicle collision,Going straight,No distancing,Slight Injury
2024-03-10 15:20:00,Saturday,Other,Two-way (divided with broken lines road marking),Tangent road with flat terrain,Y Shape,Asphalt roads,Dry,Daylight,Normal,Collision with roadside objects,Moving Backward,No distancing,Slight Injury
2024-03-10 16:30:00,Saturday,Other,other,Tangent road with flat terrain,Y Shape,Asphalt roads,Dry,Daylight,Normal,Vehicle with vehicle collision,Going straight,No distancing,Slight Injury
2024-03-10 16:30:00,Saturday,Office areas,Two-way (divided with broken lines road marking),Tangent road with flat terrain,Y Shape,Asphalt roads,Dry,Daylight,Normal,Collision with pedestrians,Going straight,Changing lane to the left,Slight Injury
2024-03-10 01:05:00,Friday,Church areas,other,Tangent road with flat terrain,Y Shape,Asphalt roads,Dry,Daylight,Normal,Vehicle with vehicle collision,Going straight,Changing lane to the right,Slight Injury
2024-03-10 01:05:00,Friday,Other,Two-way (divided with broken lines road marking),Tangent road with flat terrain,Y Shape,Asphalt roads,Dry,Daylight,Normal,Collision with roadside objects,Going straight,Moving Backward,Slight Injury
2024-03-10 19:40:00,Monday,Other,One way,Tangent road with flat terrain,Crossing,Asphalt roads,Dry,Darkness - lights lit,Normal,Vehicle with vehicle collision,Going straight,Changing lane to the right,Slight Injury
2024-03-10 19:40:00,Monday,Office areas,Double carriageway (median),Tangent road with flat terrain,Crossing,Asphalt roads,Dry,Darkness - lights lit,Normal,Vehicle with vehicle collision,Going straight,No distancing,Slight Injury
2024-03-10 19:40:00,Monday,Office areas,One way,Tangent road with mild grade and flat terrain,Crossing,Asphalt roads,Dry,Darkness - lights lit,Normal,Vehicle with vehicle collision,Going straight,Overtaking,Slight Injury
2024-03-10 19:08:00,Tuesday,Office areas,Undivided Two way,Tangent road with flat terrain,Crossing,Asphalt roads,Dry,Darkness - lights lit,Normal,Vehicle with vehicle collision,Going straight,Other,Slight Injury
2024-03-10 19:08:00,Tuesday,Office areas,Double carriageway (median),Tangent road with flat terrain,Crossing,Asphalt roads,Dry,Darkness - lights lit,Normal,Vehicle with vehicle collision,Going straight,Other,Slight Injury
2024-03-10 17:50:00,Saturday,Office areas,Undivided Two way,Tangent road with flat terrain,Y Shape,Asphalt roads,Dry,Daylight,Normal,Collision with roadside objects,Going straight,No priority to pedestrian,Slight Injury
2024-03-10 21:30:00,Sunday,Other,Double carriageway (median),Tangent road with flat terrain,Y Shape,Asphalt roads,Dry,Daylight,Normal,Vehicle with vehicle collision,Other,No priority to vehicle,Slight Injury
2024-03-10 21:30:00,Sunday,Other,Double carriageway (median),Tangent road with flat terrain,Y Shape,Asphalt roads,Dry,Daylight,Normal,Vehicle with vehicle collision,Other,Changing lane to the left,Slight Injury
2024-03-10 14:49:00,Monday,Other,Two-way (divided with broken lines road marking),Tangent road with flat terrain,Y Shape,Asphalt roads,Dry,Daylight,Normal,Collision with roadside objects,Going straight,Changing lane to the left,Slight Injury
2024-03-10 14:49:00,Monday,Office areas,Two-way (divided with broken lines road marking),Tangent road with flat terrain,Y Shape,Asphalt roads,Dry,Daylight,Normal,Vehicle with vehicle collision,Going straight,Overtaking,Slight Injury
2024-03-10 14:49:00,Monday,Office areas,Two-way (divided with broken lines road marking),Tangent road with flat terrain,Y Shape,Asphalt roads,Dry,Daylight,Cloudy,Vehicle with vehicle collision,Getting off,No distancing,Slight Injury
2024-03-10 17:40:00,Sunday,Office areas,Two-way (divided with broken lines road marking),Tangent road with flat terrain,Crossing,Asphalt roads,Dry,Daylight,Cloudy,Vehicle with vehicle collision,Going straight,No priority to vehicle,Slight Injury
2024-03-10 17:40:00,Sunday,Office areas,Two-way (divided with broken lines road marking),Tangent road with flat terrain,Crossing,Asphalt roads,Dry,Daylight,Normal,Vehicle with vehicle collision,Going straight,Changing lane to the right,Slight Injury
2024-03-10 21:55:00,Saturday,Church areas,Undivided Two way,Tangent road with flat terrain,Crossing,Asphalt roads,Dry,Daylight,Normal,Vehicle with vehicle collision,Going straight,Changing lane to the left,Slight Injury
2024-03-10 21:55:00,Saturday,Office areas,Two-way (divided with broken lines road marking),Tangent road with flat terrain,Crossing,Asphalt roads,Dry,Daylight,Normal,Vehicle with vehicle collision,Going straight,No distancing,Slight Injury
2024-03-10 07:30:00,Tuesday,Residential areas,Two-way (divided with broken lines road marking),Tangent road with flat terrain,Crossing,Asphalt roads,Dry,Daylight,Normal,Collision with pedestrians,Going straight,Driving carelessly,Slight Injury
2024-03-10 07:30:00,Tuesday,School areas,Two-way (divided with broken lines road marking),Tangent road with flat terrain,Crossing,Asphalt roads,Dry,Darkness - lights lit,Normal,Vehicle with vehicle collision,Getting off,No priority to pedestrian,Slight Injury
2024-03-10 10:41:00,Wednesday,Office areas,Undivided Two way,Tangent road with flat terrain,No junction,Asphalt roads,Dry,Darkness - lights lit,Normal,Collision with roadside objects,Going straight,Driving carelessly,Slight Injury
2024-03-10 13:16:00,Wednesday,Other,Undivided Two way,Tangent road with flat terrain,No junction,Asphalt roads,Dry,Daylight,Normal,Vehicle with vehicle collision,Going straight,Moving Backward,Slight Injury
2024-03-10 13:16:00,Wednesday,Other,Double carriageway (median),Tangent road with flat terrain,No junction,Asphalt roads,Dry,Daylight,Normal,Vehicle with vehicle collision,Other,No distancing,Slight Injury
2024-03-10 13:16:00,Wednesday,Other,Double carriageway (median),Tangent road with flat terrain,No junction,Asphalt roads,Dry,Daylight,Normal,Vehicle with vehicle collision,Going straight,No distancing,Slight Injury
2024-03-10 11:30:00,Thursday,Other,Two-way (divided with broken lines road marking),Tangent road with flat terrain,Y Shape,Asphalt roads,Dry,Daylight,Normal,Vehicle with vehicle collision,Going straight,No distancing,Slight Injury
2024-03-10 11:30:00,Thursday,Office areas,Double carriageway (median),Tangent road with mild grade and flat terrain,Y Shape,Asphalt roads,Dry,Daylight,Normal,Vehicle with vehicle collision,Going straight,Changing lane to the left,Slight Injury
2024-03-10 19:31:00,Wednesday,Office areas,Two-way (divided with broken lines road marking),Tangent road with flat terrain,Crossing,Asphalt roads,Dry,Daylight,Normal,Vehicle with vehicle collision,Going straight,Changing lane to the left,Slight Injury
2024-03-10 19:31:00,Wednesday,Office areas,Two-way (divided with broken lines road marking),Tangent road with mild grade and flat terrain,Crossing,Asphalt roads,Dry,Daylight,Normal,Vehicle with vehicle collision,Going straight,Moving Backward,Slight Injury
2024-03-10 09:25:00,Friday,Office areas,Two-way (divided with broken lines road marking),Tangent road with mild grade and flat terrain,No junction,Asphalt roads,Dry,Daylight,Normal,Vehicle with vehicle collision,Reversing,Changing lane to the right,Slight Injury
2024-03-10 09:25:00,Friday,Office areas,One way,Tangent road with flat terrain,No junction,Asphalt roads,Wet or damp,Daylight,Raining,Vehicle with vehicle collision,Other,No priority to vehicle,Slight Injury
2024-03-10 14:10:00,Wednesday,Office areas,Two-way (divided with broken lines road marking),Tangent road with flat terrain,No junction,Asphalt roads,Dry,Daylight,Normal,Collision with roadside objects,Going straight,Moving Backward,Slight Injury
2024-03-10 14:10:00,Wednesday,Office areas,Undivided Two way,Tangent road with flat terrain,No junction,Asphalt roads,Dry,Daylight,Normal,Vehicle with vehicle collision,Going straight,Driving carelessly,Slight Injury
2024-03-10 14:00:00,Friday,Other,Undivided Two way,Tangent road with flat terrain,Y Shape,Asphalt roads,Dry,Daylight,Normal,Collision with roadside objects,Going straight,Driving carelessly,Slight Injury
2024-03-10 14:00:00,Friday,Other,Two-way (divided with broken lines road marking),Tangent road with flat terrain,Y Shape,Asphalt roads,Dry,Daylight,Normal,Vehicle with vehicle collision,Going straight,Driving under the influence of drugs,Slight Injury
2024-03-10 22:05:00,Tuesday,Residential areas,Two-way (divided with broken lines road marking),Tangent road with flat terrain,Crossing,Asphalt roads,Wet or damp,Daylight,Raining,Vehicle with vehicle collision,Going straight,No priority to pedestrian,Serious Injury
2024-03-10 22:05:00,Tuesday,Other,Two-way (divided with broken lines road marking),Tangent road with flat terrain,Crossing,Asphalt roads,Dry,Daylight,Normal,Vehicle with vehicle collision,Going straight,No priority to vehicle,Slight Injury
2024-03-10 07:00:00,Thursday,Other,Two-way (divided with broken lines road marking),Tangent road with flat terrain,Y Shape,Asphalt roads,Dry,Daylight,Normal,Collision with pedestrians,Going straight,Driving carelessly,Slight Injury
2024-03-10 07:00:00,Thursday,Other,Two-way (divided with broken lines road marking),Tangent road with flat terrain,Y Shape,Asphalt roads,Dry,Daylight,Normal,Vehicle with vehicle collision,Going straight,Moving Backward,Slight Injury
2024-03-10 07:35:00,Thursday,Other,Undivided Two way,Tangent road with flat terrain,Y Shape,Asphalt roads,Dry,Daylight,Normal,Vehicle with vehicle collision,Going straight,Driving carelessly,Slight Injury
2024-03-10 07:35:00,Thursday,Industrial areas,Undivided Two way,Tangent road with flat terrain,Y Shape,Asphalt roads,Dry,Daylight,Normal,Vehicle with vehicle collision,Moving Backward,No priority to vehicle,Slight Injury
2024-03-10 08:43:00,Wednesday,Industrial areas,Undivided Two way,Tangent road with flat terrain,Y Shape,Asphalt roads,Wet or damp,Daylight,Raining,Collision with pedestrians,Moving Backward,Changing lane to the right,Slight Injury
2024-03-10 08:43:00,Wednesday,Church areas,Double carriageway (median),Tangent road with flat terrain,Y Shape,Asphalt roads,Wet or damp,Daylight,Raining,Collision with roadside objects,Turnover,Changing lane to the left,Slight Injury
2024-03-10 16:05:00,Tuesday,Other,Undivided Two way,Tangent road with flat terrain,Y Shape,Asphalt roads,Dry,Daylight,Normal,Vehicle with vehicle collision,Other,No priority to vehicle,Serious Injury
2024-03-10 22:05:00,Friday,Other,Undivided Two way,Tangent road with flat terrain,Y Shape,Asphalt roads with some distress,Dry,Daylight,Normal,Vehicle with vehicle collision,Other,Driving carelessly,Serious Injury
2024-03-10 22:05:00,Friday,Office areas,Undivided Two way,Tangent road with flat terrain,Y Shape,Asphalt roads,Wet or damp,Daylight,Normal,Vehicle with vehicle collision,Going straight,Moving Backward,Slight Injury
2024-03-10 22:05:00,Friday,Office areas,Undivided Two way,Tangent road with flat terrain,Y Shape,Asphalt roads,Wet or damp,Daylight,Normal,Vehicle with vehicle collision,Going straight,No distancing,Slight Injury
2024-03-10 22:05:00,Friday,Residential areas,Two-way (divided with broken lines road marking),Tangent road with flat terrain,Y Shape,Asphalt roads,Dry,Daylight,Normal,Vehicle with vehicle collision,Other,Changing lane to the left,Slight Injury
2024-03-10 03:40:00,Saturday,Industrial areas,Undivided Two way,Tangent road with flat terrain,Y Shape,Asphalt roads,Dry,Daylight,Normal,Vehicle with vehicle collision,Other,Changing lane to the left,Slight Injury
2024-03-10 09:25:00,Tuesday,Office areas,Undivided Two way,Tangent road with flat terrain,Crossing,Gravel roads,Dry,Daylight,Normal,Vehicle with vehicle collision,Going straight,No distancing,Serious Injury
2024-03-10 09:25:00,Tuesday,Other,Undivided Two way,Tangent road with flat terrain,Crossing,Asphalt roads,Dry,Daylight,Normal,Collision with roadside objects,Reversing,Changing lane to the left,Serious Injury
2024-03-10 09:25:00,Tuesday,Other,Two-way (divided with broken lines road marking),Tangent road with flat terrain,Crossing,Asphalt roads,Dry,Daylight,Normal,Collision with roadside objects,Other,Driving carelessly,Serious Injury
2024-03-10 09:25:00,Tuesday,Residential areas,Undivided Two way,Tangent road with flat terrain,Crossing,Asphalt roads,Dry,Daylight,Normal,Vehicle with vehicle collision,Turnover,Changing lane to the left,Serious Injury
2024-03-10 09:25:00,Tuesday,Office areas,Two-way (divided with broken lines road marking),Tangent road with flat terrain,Crossing,Asphalt roads,Wet or damp,Daylight,Normal,Vehicle with vehicle collision,Going straight,No distancing,Slight Injury
2024-03-10 09:25:00,Tuesday,Residential areas,other,Tangent road with flat terrain,Crossing,Asphalt roads,Wet or damp,Daylight,Normal,Vehicle with vehicle collision,Going straight,Changing lane to the right,Slight Injury
2024-03-10 07:58:00,Thursday,Office areas,Two-way (divided with broken lines road marking),Tangent road with flat terrain,Y Shape,Asphalt roads,Dry,Daylight,Normal,Vehicle with vehicle collision,Going straight,No distancing,Serious Injury
2024-03-10 07:58:00,Thursday,Church areas,Two-way (divided with broken lines road marking),Tangent road with flat terrain,Y Shape,Asphalt roads,Dry,Daylight,Normal,Vehicle with vehicle collision,Going straight,Driving to the left,Serious Injury
2024-03-10 20:15:00,Tuesday,Residential areas,Two-way (divided with broken lines road marking),Tangent road with flat terrain,O Shape,Asphalt roads,Dry,Daylight,Normal,Rollover,Going straight,No distancing,Serious Injury
2024-03-10 20:15:00,Tuesday,School areas,other,Tangent road with flat terrain,O Shape,Asphalt roads,Dry,Daylight,Normal,Vehicle with vehicle collision,Going straight,Overtaking,Serious Injury
2024-03-10 17:10:00,Tuesday,Hospital areas,other,Steep grade downward with mountainous terrain,Y Shape,Earth roads,Wet or damp,Daylight,Normal,Collision with roadside objects,Going straight,Driving under the influence of drugs,Slight Injury
2024-03-10 17:10:00,Tuesday,Other,Undivided Two way,Tangent road with flat terrain,Y Shape,Asphalt roads,Wet or damp,Daylight,Normal,Collision with pedestrians,Going straight,No priority to pedestrian,Slight Injury
2024-03-10 17:10:00,Tuesday,School areas,Double carriageway (median),Tangent road with flat terrain,Y Shape,Asphalt roads,Wet or damp,Daylight,Normal,Vehicle with vehicle collision,Going straight,Moving Backward,Slight Injury